SELLER INFO,SELLER TYPE,BHK,PRICE,Area in sqft,LOCATION,STATUS,PRICE PER SQ.FT
Riddhi Group,BUILDER,4 , 1.83 Cr,3059 ,Upperpally,Under ConstructionConstruction Status,3059 
Swamaan Developers,BUILDER,3 , 95.7 L,1709 ,Narsingi,Ready to moveConstruction Status,1709 
Ramireddy Constructions,BUILDER,2 , 96 L,1173 ,Attapur,Under ConstructionConstruction Status,1173 
Anuhar Homes Pvt Ltd,BUILDER,3 , 93.25 L,1636 ,Manikonda,Ready to moveConstruction Status,1636 
Vessella Group,BUILDER,4 , 7.04 Cr,4259 ,Serilingampally,Under ConstructionConstruction Status,4259 
Haripriya Developers,BUILDER,Residential Plot, 1.19 Cr,3150 ,Sheriguda,NewNew/Resale,3150 
Risinia Builders,BUILDER,2 , 56.98 L,1295 ,Bachupally,Under ConstructionConstruction Status,1295 
Suchirindia Constructions Pvt Ltd,BUILDER,Residential Plot, 54 L,1800 ,Kothur,ResaleNew/Resale,1800 
Salarpuria Sattva,BUILDER,2 , 1.43 Cr,1495 ,Shaikpet,Ready to moveConstruction Status,1495 
Aakriti Constructions and Developers Pvt Ltd,BUILDER,3 , 65.82 L,1431 ,Tellapur,Under ConstructionConstruction Status,1431 
Om Sree Builders And Developers,BUILDER,3 , 1.18 Cr,2200 ,Sainikpuri,Under ConstructionConstruction Status,2200 
Vajra Builders And Developers,BUILDER,4 , 1.45 Cr,2300 ,Bachupally,Under ConstructionConstruction Status,2300 
Beams And Columns Builders Private Limited,BUILDER,2 , 61.57 L,1310 ,Kompally,Under ConstructionConstruction Status,1310 
Vasavi Constructions,BUILDER,2 , 56.02 L,1245 ,Ghatkesar,Under ConstructionConstruction Status,1245 
Prasad,BUILDER,3 , 96.22 L,1415 ,Nanakramguda,Ready to moveConstruction Status,1415 
Engineers Associates Pvt Ltd,BUILDER,3 , 63.11 L,1503 ,Mallampet,Under ConstructionConstruction Status,1503 
user,BUILDER,3 , 1.46 Cr,3120 ,Shankarpalli,Under ConstructionConstruction Status,3120 
Riddhi Group,BUILDER,3 , 1.1 Cr,1839 ,Upperpally,Under ConstructionConstruction Status,1839 
Swamaan Developers,BUILDER,3 , 96.04 L,1715 ,Narsingi,Ready to moveConstruction Status,1715 
Ramireddy Constructions,BUILDER,3 , 1.4 Cr,1777 ,Attapur,Under ConstructionConstruction Status,1777 
Anuhar Homes Pvt Ltd,BUILDER,2 , 74.55 L,1308 ,Manikonda,Ready to moveConstruction Status,1308 
Vessella Group,BUILDER,4 , 5.73 Cr,3584 ,Serilingampally,Under ConstructionConstruction Status,3584 
Haripriya Developers,BUILDER,Residential Plot, 68 L,1800 ,Sheriguda,NewNew/Resale,1800 
Risinia Builders,BUILDER,2 , 52.58 L,1195 ,Bachupally,Under ConstructionConstruction Status,1195 
Suchirindia Constructions Pvt Ltd,BUILDER,Residential Plot, 54 L,1800 ,Kothur,ResaleNew/Resale,1800 
Salarpuria Sattva,BUILDER,4 , 3.04 Cr,2965 ,Shaikpet,Ready to moveConstruction Status,2965 
Aakriti Constructions and Developers Pvt Ltd,BUILDER,3 , 66.01 L,1435 ,Tellapur,Under ConstructionConstruction Status,1435 
Om Sree Builders And Developers,BUILDER,3 , 1.18 Cr,2195 ,Sainikpuri,Under ConstructionConstruction Status,2195 
Beams And Columns Builders Private Limited,BUILDER,2 , 58.51 L,1245 ,Kompally,Under ConstructionConstruction Status,1245 
Vasavi Constructions,BUILDER,2 , 56.02 L,1245 ,Ghatkesar,Under ConstructionConstruction Status,1245 
Prasad,BUILDER,3 , 96.9 L,1425 ,Nanakramguda,Ready to moveConstruction Status,1425 
Engineers Associates Pvt Ltd,BUILDER,2 , 46.48 L,1107 ,Mallampet,Under ConstructionConstruction Status,1107 
user,BUILDER,3 , 1.41 Cr,3000 ,Shankarpalli,Under ConstructionConstruction Status,3000 
Riddhi Group,BUILDER,3 , 1.25 Cr,2091 ,Upperpally,Under ConstructionConstruction Status,2091 
Swamaan Developers,BUILDER,3 , 1.05 Cr,1884 ,Narsingi,Ready to moveConstruction Status,1884 
Anuhar Homes Pvt Ltd,BUILDER,2 , 71.36 L,1252 ,Manikonda,Ready to moveConstruction Status,1252 
Vessella Group,BUILDER,4 , 6.17 Cr,3632 ,Serilingampally,Under ConstructionConstruction Status,3632 
Haripriya Developers,BUILDER,Residential Plot, 60.52 L,1602 ,Sheriguda,NewNew/Resale,1602 
Risinia Builders,BUILDER,3 , 74.58 L,1695 ,Bachupally,Under ConstructionConstruction Status,1695 
Suchirindia Constructions Pvt Ltd,BUILDER,2 , 43.6 L,890 ,Shamshabad,Under ConstructionConstruction Status,890 
Salarpuria Sattva,BUILDER,3 , 1.77 Cr,1865 ,Shaikpet,Ready to moveConstruction Status,1865 
Aakriti Constructions and Developers Pvt Ltd,BUILDER,3 , 72.22 L,1570 ,Tellapur,Under ConstructionConstruction Status,1570 
Om Sree Builders And Developers,BUILDER,3 , 1.15 Cr,2130 ,Sainikpuri,Under ConstructionConstruction Status,2130 
Beams And Columns Builders Private Limited,BUILDER,3 , 74.02 L,1575 ,Kompally,Under ConstructionConstruction Status,1575 
Vasavi Constructions,BUILDER,3 , 70.65 L,1570 ,Ghatkesar,Under ConstructionConstruction Status,1570 
Engineers Associates Pvt Ltd,BUILDER,3 , 63.48 L,1512 ,Mallampet,Under ConstructionConstruction Status,1512 
seller,OWNER,2 , 43.17 L,1439 ,Patancheru,Ready to moveConstruction Status,1439 
Fudosan Developers and Agency,AGENT,3 , 92.62 L,1597 ,Tellapur,Under ConstructionConstruction Status,1597 
Om Sri Sai Ram Rentals,AGENT,2 , 47 L,1050 ,Nacharam,Ready to moveConstruction Status,1050 
seller,OWNER,4 , 78 L,1820 ,Indresham,Ready to moveConstruction Status,1820 
seller,OWNER,2 , 1.85 Cr,1800 ,Malakpet,Ready to moveConstruction Status,1800 
seller,OWNER,3 , 1.45 Cr,1591 ,East Marredpally,Ready to moveConstruction Status,1591 
seller,OWNER,3 , 1.35 Cr,1900 ,Bhanur,Ready to moveConstruction Status,1900 
seller,OWNER,3 , 70 L,1545 ,Manikonda,Ready to moveConstruction Status,1545 
Dream Weavers Realty Consultants Pvt Ltd,AGENT,3 , 62.37 L,1025 ,Aushapur,Under ConstructionConstruction Status,1025 
seller,OWNER,2 , 65 L,1150 ,Manikonda,Ready to moveConstruction Status,1150 
seller,OWNER,4 , 72 L,1760 ,Balapur,Under ConstructionConstruction Status,1760 
seller,OWNER,3 , 95 L,2600 ,Ramachandra Puram,Ready to moveConstruction Status,2600 
seller,OWNER,5 , 2.2 Cr,3800 ,Yapral,Ready to moveConstruction Status,3800 
seller,OWNER,2 , 45.62 L,1233 ,Bachupally,Under ConstructionConstruction Status,1233 
seller,OWNER,3 , 58 L,1470 ,Nizampet,Ready to moveConstruction Status,1470 
seller,OWNER,2 , 41 L,1039 ,Kompally,Under ConstructionConstruction Status,1039 
seller,OWNER,2 , 22 L,1200 ,Shamirpet,Under ConstructionConstruction Status,1200 
seller,OWNER,2 , 60 L,1212 ,Nagole,Ready to moveConstruction Status,1212 
seller,OWNER,4 , 1.61 Cr,3237 ,Mokila,Under ConstructionConstruction Status,3237 
seller,OWNER,2 , 65 L,1185 ,Miyapur,Ready to moveConstruction Status,1185 
seller,OWNER,3 , 95 L,1540 ,Moosapet,Ready to moveConstruction Status,1540 
seller,OWNER,4 , 1.9 Cr,3200 ,Shamshabad,Under ConstructionConstruction Status,3200 
seller,OWNER,4 , 48 L,1090 ,Malakpet,Ready to moveConstruction Status,1090 
seller,OWNER,3 , 1.75 Cr,2080 ,Tarnaka,Ready to moveConstruction Status,2080 
seller,OWNER,5 , 3 Cr,2450 ,Uppal,Ready to moveConstruction Status,2450 
seller,OWNER,2 , 25 L,1075 ,Medchal,Under ConstructionConstruction Status,1075 
seller,OWNER,Residential Plot, 90.78 L,2400 ,Bhanur,ResaleNew/Resale,2400 
seller,OWNER,Residential Plot, 24.75 L,1485 ,Shadnagar,ResaleNew/Resale,1485 
seller,OWNER,7 , 6.3 Cr,4077 ,Himayat Nagar,Ready to moveConstruction Status,4077 
seller,OWNER,3 , 1.55 Cr,1641 ,Aminpur,Ready to moveConstruction Status,1641 
seller,OWNER,2 , 32 L,750 ,Ramachandra Puram,Ready to moveConstruction Status,750 
seller,OWNER,4 , 64 L,1250 ,Patancheru,Under ConstructionConstruction Status,1250 
seller,OWNER,2 , 90 L,1800 ,Nagole,Ready to moveConstruction Status,1800 
seller,OWNER,2 , 20 L,920 ,Isnapur,Under ConstructionConstruction Status,920 
seller,OWNER,Residential Plot, 25.99 L,1800 ,Maheshwaram,ResaleNew/Resale,1800 
seller,OWNER,3 , 65 L,1500 ,Bachupally,Ready to moveConstruction Status,1500 
seller,OWNER,Residential Plot, 1.05 Cr,2115 ,Bandlaguda Jagir,ResaleNew/Resale,2115 
seller,OWNER,Residential Plot, 8.25 L,1350 ,Toopran,ResaleNew/Resale,1350 
seller,OWNER,Residential Plot, 26 L,1800 ,Chilkamarri,ResaleNew/Resale,1800 
seller,OWNER,Residential Plot, 14.99 L,1968 ,Shadnagar,ResaleNew/Resale,1968 
seller,OWNER,8 , 2.05 Cr,5600 ,Rampally,Ready to moveConstruction Status,5600 
seller,OWNER,Residential Plot, 31 L,1800 ,Ghatkesar,ResaleNew/Resale,1800 
seller,OWNER,1 , 25 L,380 ,Narsingi,Under ConstructionConstruction Status,380 
seller,OWNER,3 , 29 L,1450 ,Patancheru,Under ConstructionConstruction Status,1450 
seller,OWNER,2 , 1.05 Cr,1200 ,Yellareddy Guda,Ready to moveConstruction Status,1200 
seller,OWNER,3 , 1.49 Cr,1677 ,Kavadiguda,Ready to moveConstruction Status,1677 
seller,OWNER,6 , 3.7 Cr,3232 ,Banjara Hills,Ready to moveConstruction Status,3232 
seller,OWNER,Residential Plot, 1.14 Cr,1377 ,Puppalaguda,ResaleNew/Resale,1377 
seller,OWNER,3 , 1.2 Cr,2000 ,Bahadurpally,Under ConstructionConstruction Status,2000 
seller,OWNER,2 , 80 L,1100 ,Miyapur,Ready to moveConstruction Status,1100 
seller,OWNER,2 , 39.5 L,730 ,Kukatpally,Ready to moveConstruction Status,730 
seller,OWNER,Residential Plot, 2 Cr,2880 ,Gajularamaram,ResaleNew/Resale,2880 
seller,OWNER,Residential Plot, 18 L,1800 ,Yacharam,ResaleNew/Resale,1800 
seller,OWNER,2 , 87 L,1230 ,Manikonda,Ready to moveConstruction Status,1230 
Fudosan Developers and Agency,AGENT,3 , 1.28 Cr,2208 ,Tellapur,Under ConstructionConstruction Status,2208 
Fudosan Developers and Agency,AGENT,3 , 2.07 Cr,3569 ,Tellapur,Under ConstructionConstruction Status,3569 
Fudosan Developers and Agency,AGENT,3 , 1.17 Cr,2132 ,Tellapur,Under ConstructionConstruction Status,2132 
Fudosan Developers and Agency,AGENT,3 , 1 Cr,2132 ,Tellapur,Under ConstructionConstruction Status,2132 
seller,OWNER,4 , 78 L,1820 ,Indresham,Ready to moveConstruction Status,1820 
seller,OWNER,4 , 78 L,1820 ,Indresham,Ready to moveConstruction Status,1820 
seller,OWNER,4 , 78 L,1820 ,Indresham,Ready to moveConstruction Status,1820 
seller,OWNER,4 , 78 L,1820 ,Indresham,Ready to moveConstruction Status,1820 
seller,OWNER,4 , 78 L,1820 ,Indresham,Ready to moveConstruction Status,1820 
seller,OWNER,4 , 78 L,1820 ,Indresham,Ready to moveConstruction Status,1820 
seller,OWNER,4 , 78 L,1820 ,Indresham,Ready to moveConstruction Status,1820 
seller,OWNER,4 , 78 L,1820 ,Indresham,Ready to moveConstruction Status,1820 
seller,OWNER,4 , 78 L,1820 ,Indresham,Ready to moveConstruction Status,1820 
seller,OWNER,2 , 1.85 Cr,1800 ,Malakpet,Ready to moveConstruction Status,1800 
seller,OWNER,2 , 1.85 Cr,1800 ,Malakpet,Ready to moveConstruction Status,1800 
seller,OWNER,3 , 1.35 Cr,1900 ,Bhanur,Ready to moveConstruction Status,1900 
seller,OWNER,3 , 1.35 Cr,1900 ,Bhanur,Ready to moveConstruction Status,1900 
seller,OWNER,3 , 1.35 Cr,1900 ,Bhanur,Ready to moveConstruction Status,1900 
seller,OWNER,3 , 1.35 Cr,1900 ,Bhanur,Ready to moveConstruction Status,1900 
seller,OWNER,3 , 70 L,1545 ,Manikonda,Ready to moveConstruction Status,1545 
seller,OWNER,3 , 1.35 Cr,1900 ,Bhanur,Ready to moveConstruction Status,1900 
seller,OWNER,3 , 1.35 Cr,1900 ,Bhanur,Ready to moveConstruction Status,1900 
seller,OWNER,3 , 1.35 Cr,1900 ,Bhanur,Ready to moveConstruction Status,1900 
seller,OWNER,3 , 1.35 Cr,1900 ,Bhanur,Ready to moveConstruction Status,1900 
seller,OWNER,3 , 70 L,1545 ,Manikonda,Ready to moveConstruction Status,1545 
seller,OWNER,2 , 55 L,1260 ,Manikonda,Ready to moveConstruction Status,1260 
seller,OWNER,2 , 55 L,1260 ,Manikonda,Ready to moveConstruction Status,1260 
seller,OWNER,2 , 55 L,1260 ,Manikonda,Ready to moveConstruction Status,1260 
seller,OWNER,3 , 1.35 Cr,1900 ,Bhanur,Ready to moveConstruction Status,1900 
Dream Weavers Realty Consultants Pvt Ltd,AGENT,3 , 69.25 L,1150 ,Aushapur,Under ConstructionConstruction Status,1150 
Dream Weavers Realty Consultants Pvt Ltd,AGENT,3 , 76.12 L,1275 ,Aushapur,Under ConstructionConstruction Status,1275 
seller,OWNER,2 , 65 L,1150 ,Manikonda,Ready to moveConstruction Status,1150 
seller,OWNER,2 , 65 L,1150 ,Manikonda,Ready to moveConstruction Status,1150 
seller,OWNER,2 , 65 L,1150 ,Manikonda,Ready to moveConstruction Status,1150 
seller,OWNER,2 , 65 L,1150 ,Manikonda,Ready to moveConstruction Status,1150 
seller,OWNER,2 , 65 L,1150 ,Manikonda,Ready to moveConstruction Status,1150 
seller,OWNER,2 , 65 L,1150 ,Manikonda,Ready to moveConstruction Status,1150 
seller,OWNER,2 , 65 L,1150 ,Manikonda,Ready to moveConstruction Status,1150 
seller,OWNER,2 , 65 L,1150 ,Manikonda,Ready to moveConstruction Status,1150 
seller,OWNER,2 , 65 L,1150 ,Manikonda,Ready to moveConstruction Status,1150 
seller,OWNER,2 , 65 L,1150 ,Manikonda,Ready to moveConstruction Status,1150 
seller,OWNER,2 , 65 L,1150 ,Manikonda,Ready to moveConstruction Status,1150 
seller,OWNER,2 , 65 L,1150 ,Manikonda,Ready to moveConstruction Status,1150 
seller,OWNER,2 , 65 L,1150 ,Manikonda,Ready to moveConstruction Status,1150 
seller,OWNER,2 , 65 L,1150 ,Manikonda,Ready to moveConstruction Status,1150 
seller,OWNER,2 , 65 L,1150 ,Manikonda,Ready to moveConstruction Status,1150 
seller,OWNER,2 , 65 L,1150 ,Manikonda,Ready to moveConstruction Status,1150 
seller,OWNER,2 , 65 L,1150 ,Manikonda,Ready to moveConstruction Status,1150 
seller,OWNER,2 , 65 L,1150 ,Manikonda,Ready to moveConstruction Status,1150 
seller,OWNER,2 , 65 L,1150 ,Manikonda,Ready to moveConstruction Status,1150 
seller,OWNER,2 , 65 L,1150 ,Manikonda,Ready to moveConstruction Status,1150 
seller,OWNER,2 , 65 L,1150 ,Manikonda,Ready to moveConstruction Status,1150 
seller,OWNER,2 , 65 L,1150 ,Manikonda,Ready to moveConstruction Status,1150 
seller,OWNER,2 , 65 L,1150 ,Manikonda,Ready to moveConstruction Status,1150 
seller,OWNER,2 , 65 L,1150 ,Manikonda,Ready to moveConstruction Status,1150 
seller,OWNER,2 , 65 L,1150 ,Manikonda,Ready to moveConstruction Status,1150 
seller,OWNER,2 , 65 L,1150 ,Manikonda,Ready to moveConstruction Status,1150 
seller,OWNER,2 , 65 L,1150 ,Manikonda,Ready to moveConstruction Status,1150 
seller,OWNER,2 , 65 L,1150 ,Manikonda,Ready to moveConstruction Status,1150 
seller,OWNER,2 , 65 L,1150 ,Manikonda,Ready to moveConstruction Status,1150 
seller,OWNER,2 , 65 L,1150 ,Manikonda,Ready to moveConstruction Status,1150 
seller,OWNER,2 , 65 L,1150 ,Manikonda,Ready to moveConstruction Status,1150 
seller,OWNER,2 , 65 L,1150 ,Manikonda,Ready to moveConstruction Status,1150 
seller,OWNER,2 , 65 L,1150 ,Manikonda,Ready to moveConstruction Status,1150 
seller,OWNER,2 , 65 L,1150 ,Manikonda,Ready to moveConstruction Status,1150 
seller,OWNER,2 , 65 L,1150 ,Manikonda,Ready to moveConstruction Status,1150 
seller,OWNER,2 , 65 L,1150 ,Manikonda,Ready to moveConstruction Status,1150 
seller,OWNER,2 , 65 L,1150 ,Manikonda,Ready to moveConstruction Status,1150 
seller,OWNER,2 , 75 L,1189 ,muthangi,Ready to moveConstruction Status,1189 
seller,OWNER,2 , 75 L,1189 ,muthangi,Ready to moveConstruction Status,1189 
seller,OWNER,2 , 22 L,1200 ,Shamirpet,Under ConstructionConstruction Status,1200 
seller,OWNER,2 , 22 L,1200 ,Shamirpet,Under ConstructionConstruction Status,1200 
seller,OWNER,2 , 22 L,1200 ,Shamirpet,Under ConstructionConstruction Status,1200 
seller,OWNER,2 , 45.62 L,1233 ,Puppalaguda,Under ConstructionConstruction Status,1233 
seller,OWNER,2 , 41 L,1039 ,Kompally,Under ConstructionConstruction Status,1039 
seller,OWNER,2 , 41 L,1039 ,Kompally,Under ConstructionConstruction Status,1039 
seller,OWNER,2 , 41 L,1039 ,Kompally,Under ConstructionConstruction Status,1039 
seller,OWNER,2 , 45.62 L,1233 ,Puppalaguda,Under ConstructionConstruction Status,1233 
seller,OWNER,2 , 45.62 L,1233 ,Puppalaguda,Under ConstructionConstruction Status,1233 
seller,OWNER,2 , 45.62 L,1233 ,Puppalaguda,Under ConstructionConstruction Status,1233 
seller,OWNER,2 , 22 L,1200 ,Shamirpet,Under ConstructionConstruction Status,1200 
seller,OWNER,2 , 22 L,1200 ,Shamirpet,Under ConstructionConstruction Status,1200 
seller,OWNER,2 , 45.62 L,1233 ,Puppalaguda,Under ConstructionConstruction Status,1233 
seller,OWNER,2 , 45.62 L,1233 ,Puppalaguda,Under ConstructionConstruction Status,1233 
seller,OWNER,2 , 45.62 L,1233 ,Puppalaguda,Under ConstructionConstruction Status,1233 
seller,OWNER,2 , 45.62 L,1233 ,Puppalaguda,Under ConstructionConstruction Status,1233 
seller,OWNER,2 , 45.62 L,1233 ,Puppalaguda,Under ConstructionConstruction Status,1233 
seller,OWNER,2 , 22 L,1200 ,Shamirpet,Under ConstructionConstruction Status,1200 
seller,OWNER,2 , 22 L,1200 ,Shamirpet,Under ConstructionConstruction Status,1200 
seller,OWNER,2 , 22 L,1200 ,Shamirpet,Under ConstructionConstruction Status,1200 
seller,OWNER,2 , 22 L,1200 ,Shamirpet,Under ConstructionConstruction Status,1200 
seller,OWNER,2 , 45.62 L,1233 ,Puppalaguda,Under ConstructionConstruction Status,1233 
seller,OWNER,2 , 65 L,1150 ,Manikonda,Ready to moveConstruction Status,1150 
seller,OWNER,2 , 55 L,950 ,muthangi,Under ConstructionConstruction Status,950 
seller,OWNER,2 , 55 L,950 ,muthangi,Under ConstructionConstruction Status,950 
seller,OWNER,2 , 75 L,1189 ,muthangi,Ready to moveConstruction Status,1189 
seller,OWNER,2 , 45.62 L,1233 ,Bachupally,Under ConstructionConstruction Status,1233 
seller,OWNER,2 , 55 L,950 ,muthangi,Under ConstructionConstruction Status,950 
seller,OWNER,2 , 55 L,950 ,muthangi,Under ConstructionConstruction Status,950 
seller,OWNER,2 , 55 L,950 ,muthangi,Under ConstructionConstruction Status,950 
seller,OWNER,2 , 75 L,1189 ,muthangi,Ready to moveConstruction Status,1189 
seller,OWNER,2 , 75 L,1189 ,muthangi,Ready to moveConstruction Status,1189 
seller,OWNER,2 , 45.62 L,1233 ,Bachupally,Under ConstructionConstruction Status,1233 
seller,OWNER,2 , 45.62 L,1233 ,Bachupally,Under ConstructionConstruction Status,1233 
seller,OWNER,2 , 45.62 L,1233 ,Bachupally,Under ConstructionConstruction Status,1233 
seller,OWNER,2 , 45.62 L,1233 ,Bachupally,Under ConstructionConstruction Status,1233 
seller,OWNER,2 , 45.62 L,1233 ,Bachupally,Under ConstructionConstruction Status,1233 
seller,OWNER,2 , 45.62 L,1233 ,Bachupally,Under ConstructionConstruction Status,1233 
seller,OWNER,3 , 70 L,1833 ,Manikonda,Ready to moveConstruction Status,1833 
seller,OWNER,3 , 70 L,1833 ,Manikonda,Ready to moveConstruction Status,1833 
seller,OWNER,5 , 3 Cr,2450 ,Uppal,Ready to moveConstruction Status,2450 
seller,OWNER,2 , 25 L,1075 ,Medchal,Under ConstructionConstruction Status,1075 
seller,OWNER,3 , 1.35 Cr,1800 ,Nanakramguda,Ready to moveConstruction Status,1800 
seller,OWNER,2 , 25 L,1075 ,Medchal,Under ConstructionConstruction Status,1075 
seller,OWNER,2 , 64 L,1250 ,Patancheru,Under ConstructionConstruction Status,1250 
seller,OWNER,2 , 64 L,1250 ,Patancheru,Under ConstructionConstruction Status,1250 
seller,OWNER,2 , 20 L,920 ,Isnapur,Under ConstructionConstruction Status,920 
seller,OWNER,2 , 20 L,920 ,Isnapur,Under ConstructionConstruction Status,920 
seller,OWNER,2 , 20 L,920 ,Isnapur,Under ConstructionConstruction Status,920 
seller,OWNER,Residential Plot, 25.99 L,1800 ,Mucherla,ResaleNew/Resale,1800 
seller,OWNER,Residential Plot, 25.99 L,1800 ,Mucherla,ResaleNew/Resale,1800 
seller,OWNER,Residential Plot, 25.99 L,1800 ,Mucherla,ResaleNew/Resale,1800 
seller,OWNER,Residential Plot, 25.99 L,1800 ,Mucherla,ResaleNew/Resale,1800 
seller,OWNER,Residential Plot, 26 L,1800 ,Mucherla,ResaleNew/Resale,1800 
seller,OWNER,Residential Plot, 26 L,1800 ,Mucherla,ResaleNew/Resale,1800 
seller,OWNER,Residential Plot, 26 L,1800 ,Mucherla,ResaleNew/Resale,1800 
seller,OWNER,Residential Plot, 26 L,1800 ,Mucherla,ResaleNew/Resale,1800 
seller,OWNER,Residential Plot, 25.99 L,1800 ,Mucherla,ResaleNew/Resale,1800 
seller,OWNER,Residential Plot, 25.99 L,1800 ,Mucherla,ResaleNew/Resale,1800 
seller,OWNER,Residential Plot, 25.99 L,1800 ,Mucherla,ResaleNew/Resale,1800 
seller,OWNER,Residential Plot, 25.99 L,1800 ,Mucherla,ResaleNew/Resale,1800 
seller,OWNER,Residential Plot, 25.99 L,1800 ,Mucherla,ResaleNew/Resale,1800 
seller,OWNER,Residential Plot, 25.99 L,1800 ,Mucherla,ResaleNew/Resale,1800 
seller,OWNER,Residential Plot, 25.99 L,1800 ,Mucherla,ResaleNew/Resale,1800 
seller,OWNER,Residential Plot, 25.99 L,1800 ,Maheshwaram,ResaleNew/Resale,1800 
seller,OWNER,Residential Plot, 25.99 L,1800 ,Maheshwaram,ResaleNew/Resale,1800 
seller,OWNER,Residential Plot, 25.99 L,1800 ,Mucherla,ResaleNew/Resale,1800 
seller,OWNER,Residential Plot, 25.99 L,1800 ,Mucherla,ResaleNew/Resale,1800 
seller,OWNER,Residential Plot, 25.99 L,1800 ,Mucherla,ResaleNew/Resale,1800 
seller,OWNER,Residential Plot, 25.99 L,1800 ,Mucherla,ResaleNew/Resale,1800 
seller,OWNER,Residential Plot, 8.25 L,1350 ,Toopran,ResaleNew/Resale,1350 
seller,OWNER,Residential Plot, 8.25 L,1350 ,Toopran,ResaleNew/Resale,1350 
seller,OWNER,Residential Plot, 8.25 L,1350 ,Toopran,ResaleNew/Resale,1350 
seller,OWNER,Residential Plot, 8.25 L,1350 ,Toopran,ResaleNew/Resale,1350 
seller,OWNER,Residential Plot, 8.25 L,1350 ,Toopran,ResaleNew/Resale,1350 
seller,OWNER,Residential Plot, 8.25 L,1350 ,Toopran,ResaleNew/Resale,1350 
seller,OWNER,Residential Plot, 8.25 L,1350 ,Toopran,ResaleNew/Resale,1350 
seller,OWNER,Residential Plot, 8.25 L,1350 ,Toopran,ResaleNew/Resale,1350 
seller,OWNER,Residential Plot, 8.25 L,1350 ,Toopran,ResaleNew/Resale,1350 
seller,OWNER,Residential Plot, 31 L,1800 ,Ghatkesar,ResaleNew/Resale,1800 
seller,OWNER,Residential Plot, 31 L,1800 ,Ghatkesar,ResaleNew/Resale,1800 
seller,OWNER,Residential Plot, 31 L,1800 ,Ghatkesar,ResaleNew/Resale,1800 
seller,OWNER,Residential Plot, 31 L,1800 ,Ghatkesar,ResaleNew/Resale,1800 
seller,OWNER,Residential Plot, 31 L,1800 ,Ghatkesar,ResaleNew/Resale,1800 
seller,OWNER,Residential Plot, 38.85 L,4995 ,Pulimamidi,ResaleNew/Resale,4995 
seller,OWNER,Residential Plot, 38.85 L,4995 ,Pulimamidi,ResaleNew/Resale,4995 
seller,OWNER,Residential Plot, 31 L,1800 ,Ghatkesar,ResaleNew/Resale,1800 
seller,OWNER,Residential Plot, 31 L,1800 ,Ghatkesar,ResaleNew/Resale,1800 
seller,OWNER,Residential Plot, 31 L,1800 ,Ghatkesar,ResaleNew/Resale,1800 
seller,OWNER,Residential Plot, 38.85 L,4995 ,Pulimamidi,ResaleNew/Resale,4995 
seller,OWNER,Residential Plot, 38.85 L,4995 ,Pulimamidi,ResaleNew/Resale,4995 
seller,OWNER,Residential Plot, 38.85 L,4995 ,Pulimamidi,ResaleNew/Resale,4995 
seller,OWNER,Residential Plot, 38.85 L,4995 ,Pulimamidi,ResaleNew/Resale,4995 
seller,OWNER,3 , 3.7 Cr,3232 ,Banjara Hills,Ready to moveConstruction Status,3232 
seller,OWNER,3 , 29 L,1450 ,Patancheru,Under ConstructionConstruction Status,1450 
seller,OWNER,3 , 29 L,1450 ,Patancheru,Under ConstructionConstruction Status,1450 
seller,OWNER,3 , 29 L,1450 ,Patancheru,Under ConstructionConstruction Status,1450 
seller,OWNER,3 , 29 L,1450 ,Patancheru,Under ConstructionConstruction Status,1450 
seller,OWNER,3 , 3.7 Cr,3232 ,Banjara Hills,Ready to moveConstruction Status,3232 
seller,OWNER,3 , 3.7 Cr,3232 ,Banjara Hills,Ready to moveConstruction Status,3232 
seller,OWNER,3 , 1.49 Cr,1677 ,Kavadiguda,Ready to moveConstruction Status,1677 
seller,OWNER,3 , 1.2 Cr,2000 ,Bahadurpally,Under ConstructionConstruction Status,2000 
seller,OWNER,3 , 1.2 Cr,2000 ,Bahadurpally,Under ConstructionConstruction Status,2000 
seller,OWNER,3 , 1.2 Cr,2000 ,Bahadurpally,Under ConstructionConstruction Status,2000 
seller,OWNER,3 , 1.2 Cr,2000 ,Bahadurpally,Under ConstructionConstruction Status,2000 
seller,OWNER,3 , 1.2 Cr,2000 ,Bahadurpally,Under ConstructionConstruction Status,2000 
seller,OWNER,Residential Plot, 18 L,1800 ,Yacharam,ResaleNew/Resale,1800 
seller,OWNER,Residential Plot, 18 L,1800 ,Yacharam,ResaleNew/Resale,1800 
seller,OWNER,Residential Plot, 18 L,1800 ,Yacharam,ResaleNew/Resale,1800 
seller,OWNER,Residential Plot, 18 L,1800 ,Yacharam,ResaleNew/Resale,1800 
seller,OWNER,3 , 95 L,2600 ,Mokila,Under ConstructionConstruction Status,2600 
seller,OWNER,2 , 87 L,1230 ,Manikonda,Ready to moveConstruction Status,1230 
seller,OWNER,3 , 95 L,2600 ,Mokila,Under ConstructionConstruction Status,2600 
seller,OWNER,2 , 50 L,1110 ,Kismatpur,Under ConstructionConstruction Status,1110 
seller,OWNER,2 , 42 L,1000 ,Mokila,Under ConstructionConstruction Status,1000 
seller,OWNER,2 , 48 L,1000 ,Mokila,Under ConstructionConstruction Status,1000 
seller,OWNER,2 , 42 L,1000 ,Mokila,Under ConstructionConstruction Status,1000 
seller,OWNER,3 , 1.9 Cr,3000 ,Kollur,Under ConstructionConstruction Status,3000 
seller,OWNER,3 , 76 L,1337 ,Miyapur,Ready to moveConstruction Status,1337 
seller,OWNER,2 , 38 L,1000 ,Gandi Maisamma,Ready to moveConstruction Status,1000 
seller,OWNER,2 , 50 L,1175 ,Hastinapuram,Ready to moveConstruction Status,1175 
seller,OWNER,3 , 2.2 Cr,2540 ,Manikonda,Ready to moveConstruction Status,2540 
seller,OWNER,3 , 2.2 Cr,2540 ,Manikonda,Ready to moveConstruction Status,2540 
seller,OWNER,Residential Plot, 16 L,1800 ,Yacharam,ResaleNew/Resale,1800 
seller,OWNER,Residential Plot, 62 L,1800 ,Rampally,ResaleNew/Resale,1800 
seller,OWNER,2 , 80 L,2600 ,Mokila,Under ConstructionConstruction Status,2600 
seller,OWNER,2 , 80 L,2600 ,Mokila,Under ConstructionConstruction Status,2600 
seller,OWNER,2 , 80 L,2600 ,Mokila,Under ConstructionConstruction Status,2600 
seller,OWNER,2 , 80 L,2600 ,Mokila,Under ConstructionConstruction Status,2600 
seller,OWNER,2 , 80 L,2600 ,Mokila,Under ConstructionConstruction Status,2600 
seller,OWNER,2 , 80 L,2600 ,Mokila,Under ConstructionConstruction Status,2600 
seller,OWNER,2 , 80 L,2600 ,Mokila,Under ConstructionConstruction Status,2600 
seller,OWNER,2 , 80 L,2600 ,Mokila,Under ConstructionConstruction Status,2600 
seller,OWNER,2 , 80 L,2600 ,Mokila,Under ConstructionConstruction Status,2600 
seller,OWNER,2 , 80 L,2600 ,Mokila,Under ConstructionConstruction Status,2600 
seller,OWNER,2 , 80 L,2600 ,Mokila,Under ConstructionConstruction Status,2600 
seller,OWNER,2 , 80 L,2600 ,Mokila,Under ConstructionConstruction Status,2600 
seller,OWNER,Residential Plot, 48.4 L,2200 ,Mangalpally,ResaleNew/Resale,2200 
seller,OWNER,6 , 1.12 Cr,2300 ,Sainikpuri,Under ConstructionConstruction Status,2300 
seller,OWNER,6 , 1.12 Cr,2300 ,Sainikpuri,Under ConstructionConstruction Status,2300 
seller,OWNER,9 , 2.9 Cr,5400 ,Saidabad,Ready to moveConstruction Status,5400 
seller,OWNER,9 , 2.9 Cr,5400 ,Saidabad,Ready to moveConstruction Status,5400 
seller,OWNER,9 , 2.9 Cr,5400 ,Saidabad,Ready to moveConstruction Status,5400 
seller,OWNER,3 , 1.03 Cr,1450 ,Madhapur,Under ConstructionConstruction Status,1450 
seller,OWNER,3 , 1.03 Cr,1450 ,Madhapur,Under ConstructionConstruction Status,1450 
seller,OWNER,3 , 98 L,1450 ,Madhapur,Under ConstructionConstruction Status,1450 
seller,OWNER,3 , 1.03 Cr,1450 ,Madhapur,Under ConstructionConstruction Status,1450 
seller,OWNER,9 , 2.9 Cr,5400 ,Saidabad,Ready to moveConstruction Status,5400 
seller,OWNER,4 , 77.99 L,1800 ,Indresham,Ready to moveConstruction Status,1800 
seller,OWNER,4 , 77.99 L,1800 ,Indresham,Ready to moveConstruction Status,1800 
seller,OWNER,4 , 77.99 L,1800 ,Indresham,Ready to moveConstruction Status,1800 
seller,OWNER,4 , 77.99 L,1800 ,Indresham,Ready to moveConstruction Status,1800 
seller,OWNER,4 , 77.99 L,1800 ,Indresham,Ready to moveConstruction Status,1800 
seller,OWNER,4 , 77.99 L,1800 ,Indresham,Ready to moveConstruction Status,1800 
seller,OWNER,4 , 77.99 L,1800 ,Indresham,Ready to moveConstruction Status,1800 
seller,OWNER,4 , 77.99 L,1800 ,Indresham,Ready to moveConstruction Status,1800 
seller,OWNER,4 , 77.99 L,1800 ,Indresham,Ready to moveConstruction Status,1800 
seller,OWNER,4 , 77.99 L,1800 ,Indresham,Ready to moveConstruction Status,1800 
seller,OWNER,4 , 77.99 L,1800 ,Indresham,Ready to moveConstruction Status,1800 
seller,OWNER,4 , 77.99 L,1800 ,Indresham,Ready to moveConstruction Status,1800 
seller,OWNER,10 , 3.5 Cr,9468 ,Mehdipatnam,Ready to moveConstruction Status,9468 
seller,OWNER,2 , 50 L,1250 ,Kollur,Under ConstructionConstruction Status,1250 
seller,OWNER,3 , 66.27 L,1665 ,Kollur,Under ConstructionConstruction Status,1665 
seller,OWNER,2 , 2.5 Cr,1350 ,Chandanagar,Ready to moveConstruction Status,1350 
seller,OWNER,2 , 82.41 L,1230 ,Puppalaguda,Under ConstructionConstruction Status,1230 
seller,OWNER,3 , 66.27 L,1665 ,Kollur,Under ConstructionConstruction Status,1665 
seller,OWNER,3 , 66.27 L,1665 ,Kollur,Under ConstructionConstruction Status,1665 
seller,OWNER,3 , 66.27 L,1665 ,Kollur,Under ConstructionConstruction Status,1665 
seller,OWNER,3 , 66.27 L,1665 ,Kollur,Under ConstructionConstruction Status,1665 
seller,OWNER,2 , 50 L,1250 ,Kollur,Under ConstructionConstruction Status,1250 
seller,OWNER,2 , 50 L,1250 ,Kollur,Under ConstructionConstruction Status,1250 
seller,OWNER,3 , 66.27 L,1665 ,Kollur,Under ConstructionConstruction Status,1665 
seller,OWNER,3 , 1.2 Cr,2200 ,Bahadurpally,Ready to moveConstruction Status,2200 
seller,OWNER,3 , 1.2 Cr,2200 ,Bahadurpally,Ready to moveConstruction Status,2200 
seller,OWNER,3 , 42.77 L,1585 ,muthangi,Under ConstructionConstruction Status,1585 
seller,OWNER,2 , 60 L,1200 ,Ramachandra Puram,Ready to moveConstruction Status,1200 
seller,OWNER,2 , 59 L,1168 ,Mallapur,Ready to moveConstruction Status,1168 
seller,OWNER,4 , 74.99 L,1820 ,Patancheru,Ready to moveConstruction Status,1820 
seller,OWNER,2 , 55 L,1285 ,Gajularamaram,Ready to moveConstruction Status,1285 
seller,OWNER,2 , 40 L,1100 ,Kompally,Under ConstructionConstruction Status,1100 
seller,OWNER,2 , 82.41 L,1230 ,Puppalaguda,Under ConstructionConstruction Status,1230 
seller,OWNER,Residential Plot, 5.56 L,1089 ,Shamshabad,ResaleNew/Resale,1089 
seller,OWNER,Residential Plot, 5.56 L,1089 ,Shamshabad,ResaleNew/Resale,1089 
seller,OWNER,Residential Plot, 5.56 L,1089 ,Shamshabad,ResaleNew/Resale,1089 
seller,OWNER,3 , 1.2 Cr,1800 ,Kukatpally,Ready to moveConstruction Status,1800 
seller,OWNER,3 , 1.2 Cr,1655 ,Narsingi,Ready to moveConstruction Status,1655 
seller,OWNER,4 , 78 L,2200 ,Kundanpally,Under ConstructionConstruction Status,2200 
seller,OWNER,3 , 1.15 Cr,1602 ,Banjara Hills,Ready to moveConstruction Status,1602 
seller,OWNER,3 , 1.4 Cr,756 ,Jubilee Hills,Ready to moveConstruction Status,756 
seller,OWNER,6 , 2.9 Cr,2414 ,Banjara Hills,Ready to moveConstruction Status,2414 
seller,OWNER,3 , 1.4 Cr,756 ,Jubilee Hills,Ready to moveConstruction Status,756 
seller,OWNER,6 , 2.9 Cr,2414 ,Banjara Hills,Ready to moveConstruction Status,2414 
seller,OWNER,2 , 26 L,1170 ,muthangi,Under ConstructionConstruction Status,1170 
seller,OWNER,2 , 26 L,1170 ,muthangi,Under ConstructionConstruction Status,1170 
seller,OWNER,2 , 36 L,1150 ,Miyapur,Under ConstructionConstruction Status,1150 
seller,OWNER,2 , 36 L,1150 ,Miyapur,Under ConstructionConstruction Status,1150 
seller,OWNER,2 , 36 L,1150 ,Miyapur,Under ConstructionConstruction Status,1150 
seller,OWNER,3 , 44 L,1240 ,Chandanagar,Under ConstructionConstruction Status,1240 
seller,OWNER,3 , 44 L,1240 ,Chandanagar,Under ConstructionConstruction Status,1240 
seller,OWNER,3 , 44 L,1240 ,Chandanagar,Under ConstructionConstruction Status,1240 
seller,OWNER,3 , 44 L,1240 ,Chandanagar,Under ConstructionConstruction Status,1240 
seller,OWNER,2 , 38 L,1040 ,Chandanagar Vill,Under ConstructionConstruction Status,1040 
seller,OWNER,2 , 38 L,1040 ,Chandanagar Vill,Under ConstructionConstruction Status,1040 
seller,OWNER,2 , 38 L,1040 ,Chandanagar Vill,Under ConstructionConstruction Status,1040 
seller,OWNER,2 , 38 L,1040 ,Chandanagar Vill,Under ConstructionConstruction Status,1040 
seller,OWNER,2 , 38 L,1040 ,Chandanagar Vill,Under ConstructionConstruction Status,1040 
seller,OWNER,2 , 26 L,1150 ,muthangi,Under ConstructionConstruction Status,1150 
seller,OWNER,2 , 26 L,1150 ,muthangi,Under ConstructionConstruction Status,1150 
seller,OWNER,2 , 26 L,1150 ,muthangi,Under ConstructionConstruction Status,1150 
seller,OWNER,2 , 26 L,1150 ,muthangi,Under ConstructionConstruction Status,1150 
seller,OWNER,2 , 35 L,1560 ,muthangi,Under ConstructionConstruction Status,1560 
seller,OWNER,2 , 35 L,1560 ,muthangi,Under ConstructionConstruction Status,1560 
seller,OWNER,2 , 35 L,1560 ,muthangi,Under ConstructionConstruction Status,1560 
seller,OWNER,2 , 38 L,1040 ,Chandanagar Vill,Under ConstructionConstruction Status,1040 
seller,OWNER,2 , 26 L,1150 ,muthangi,Under ConstructionConstruction Status,1150 
seller,OWNER,2 , 26 L,1150 ,muthangi,Under ConstructionConstruction Status,1150 
seller,OWNER,2 , 26 L,1150 ,muthangi,Under ConstructionConstruction Status,1150 
seller,OWNER,2 , 38 L,1040 ,Chandanagar Vill,Under ConstructionConstruction Status,1040 
seller,OWNER,2 , 36 L,1150 ,Miyapur,Under ConstructionConstruction Status,1150 
seller,OWNER,2 , 36 L,1150 ,Miyapur,Under ConstructionConstruction Status,1150 
seller,OWNER,2 , 26 L,1150 ,muthangi,Under ConstructionConstruction Status,1150 
seller,OWNER,2 , 38 L,1040 ,Chandanagar Vill,Under ConstructionConstruction Status,1040 
seller,OWNER,2 , 38 L,1040 ,Chandanagar Vill,Under ConstructionConstruction Status,1040 
seller,OWNER,2 , 26 L,1150 ,muthangi,Under ConstructionConstruction Status,1150 
seller,OWNER,2 , 38 L,1040 ,Chandanagar Vill,Under ConstructionConstruction Status,1040 
seller,OWNER,2 , 35 L,1560 ,muthangi,Under ConstructionConstruction Status,1560 
seller,OWNER,2 , 35 L,1560 ,muthangi,Under ConstructionConstruction Status,1560 
seller,OWNER,2 , 35 L,1560 ,muthangi,Under ConstructionConstruction Status,1560 
seller,OWNER,2 , 35 L,1560 ,muthangi,Under ConstructionConstruction Status,1560 
seller,OWNER,2 , 26 L,1170 ,muthangi,Under ConstructionConstruction Status,1170 
seller,OWNER,3 , 44 L,1240 ,Chandanagar,Under ConstructionConstruction Status,1240 
seller,OWNER,2 , 35 L,1560 ,muthangi,Under ConstructionConstruction Status,1560 
seller,OWNER,3 , 44 L,1240 ,Chandanagar,Under ConstructionConstruction Status,1240 
seller,OWNER,2 , 38 L,1040 ,Chandanagar Vill,Under ConstructionConstruction Status,1040 
seller,OWNER,2 , 36 L,1150 ,Miyapur,Under ConstructionConstruction Status,1150 
seller,OWNER,3 , 44 L,1240 ,Chandanagar,Under ConstructionConstruction Status,1240 
seller,OWNER,3 , 44 L,1240 ,Chandanagar,Under ConstructionConstruction Status,1240 
seller,OWNER,3 , 44 L,1240 ,Chandanagar,Under ConstructionConstruction Status,1240 
seller,OWNER,2 , 34 L,1040 ,Miyapur,Under ConstructionConstruction Status,1040 
seller,OWNER,2 , 26 L,1150 ,muthangi,Under ConstructionConstruction Status,1150 
seller,OWNER,2 , 38 L,1040 ,Chandanagar Vill,Under ConstructionConstruction Status,1040 
seller,OWNER,3 , 44 L,1240 ,Chandanagar,Under ConstructionConstruction Status,1240 
seller,OWNER,2 , 36 L,1150 ,Miyapur,Under ConstructionConstruction Status,1150 
seller,OWNER,2 , 26 L,1150 ,muthangi,Under ConstructionConstruction Status,1150 
seller,OWNER,2 , 35 L,1560 ,muthangi,Under ConstructionConstruction Status,1560 
seller,OWNER,2 , 35 L,1560 ,muthangi,Under ConstructionConstruction Status,1560 
seller,OWNER,2 , 35 L,1560 ,muthangi,Under ConstructionConstruction Status,1560 
seller,OWNER,2 , 38 L,1040 ,Chandanagar Vill,Under ConstructionConstruction Status,1040 
seller,OWNER,2 , 26 L,1150 ,muthangi,Under ConstructionConstruction Status,1150 
seller,OWNER,2 , 26 L,1150 ,muthangi,Under ConstructionConstruction Status,1150 
seller,OWNER,2 , 36 L,1150 ,Miyapur,Under ConstructionConstruction Status,1150 
seller,OWNER,2 , 26 L,1150 ,muthangi,Under ConstructionConstruction Status,1150 
seller,OWNER,2 , 36 L,1150 ,Miyapur,Under ConstructionConstruction Status,1150 
seller,OWNER,2 , 26 L,1150 ,muthangi,Under ConstructionConstruction Status,1150 
seller,OWNER,2 , 35 L,1560 ,muthangi,Under ConstructionConstruction Status,1560 
seller,OWNER,2 , 35 L,1560 ,muthangi,Under ConstructionConstruction Status,1560 
seller,OWNER,2 , 35 L,1560 ,muthangi,Under ConstructionConstruction Status,1560 
seller,OWNER,2 , 35 L,1560 ,muthangi,Under ConstructionConstruction Status,1560 
seller,OWNER,3 , 36 L,1520 ,muthangi,Under ConstructionConstruction Status,1520 
seller,OWNER,2 , 26 L,1170 ,muthangi,Under ConstructionConstruction Status,1170 
seller,OWNER,3 , 36 L,1560 ,muthangi,Under ConstructionConstruction Status,1560 
seller,OWNER,3 , 36 L,1560 ,muthangi,Under ConstructionConstruction Status,1560 
seller,OWNER,3 , 36 L,1560 ,muthangi,Under ConstructionConstruction Status,1560 
seller,OWNER,3 , 44 L,1240 ,Chandanagar,Under ConstructionConstruction Status,1240 
seller,OWNER,3 , 44 L,1240 ,Chandanagar,Under ConstructionConstruction Status,1240 
seller,OWNER,3 , 44 L,1240 ,Chandanagar,Under ConstructionConstruction Status,1240 
seller,OWNER,2 , 26 L,1170 ,muthangi,Under ConstructionConstruction Status,1170 
seller,OWNER,2 , 26 L,1170 ,muthangi,Under ConstructionConstruction Status,1170 
seller,OWNER,3 , 47.6 L,1360 ,Miyapur,Under ConstructionConstruction Status,1360 
seller,OWNER,2 , 36 L,1040 ,Miyapur,Under ConstructionConstruction Status,1040 
seller,OWNER,3 , 44 L,1240 ,Chandanagar,Under ConstructionConstruction Status,1240 
seller,OWNER,2 , 36 L,1020 ,Miyapur,Under ConstructionConstruction Status,1020 
seller,OWNER,3 , 36 L,1520 ,muthangi,Under ConstructionConstruction Status,1520 
seller,OWNER,3 , 36 L,1560 ,muthangi,Under ConstructionConstruction Status,1560 
seller,OWNER,3 , 36 L,1560 ,muthangi,Under ConstructionConstruction Status,1560 
seller,OWNER,2 , 36 L,1040 ,Miyapur,Under ConstructionConstruction Status,1040 
seller,OWNER,3 , 36 L,1560 ,muthangi,Under ConstructionConstruction Status,1560 
seller,OWNER,2 , 36 L,1040 ,Miyapur,Under ConstructionConstruction Status,1040 
seller,OWNER,2 , 36 L,1040 ,Miyapur,Under ConstructionConstruction Status,1040 
seller,OWNER,2 , 36 L,1040 ,Miyapur,Under ConstructionConstruction Status,1040 
seller,OWNER,2 , 36 L,1040 ,Miyapur,Under ConstructionConstruction Status,1040 
seller,OWNER,3 , 36 L,1520 ,muthangi,Under ConstructionConstruction Status,1520 
seller,OWNER,2 , 26 L,1170 ,muthangi,Under ConstructionConstruction Status,1170 
seller,OWNER,2 , 26 L,1150 ,muthangi,Under ConstructionConstruction Status,1150 
seller,OWNER,2 , 26 L,1150 ,muthangi,Under ConstructionConstruction Status,1150 
seller,OWNER,2 , 36 L,1150 ,Miyapur,Under ConstructionConstruction Status,1150 
seller,OWNER,2 , 36 L,1150 ,Miyapur,Under ConstructionConstruction Status,1150 
seller,OWNER,2 , 36 L,1150 ,Miyapur,Under ConstructionConstruction Status,1150 
seller,OWNER,3 , 44 L,1240 ,Chandanagar,Under ConstructionConstruction Status,1240 
seller,OWNER,3 , 44 L,1240 ,Chandanagar,Under ConstructionConstruction Status,1240 
seller,OWNER,2 , 26 L,1150 ,muthangi,Under ConstructionConstruction Status,1150 
seller,OWNER,2 , 35 L,1560 ,muthangi,Under ConstructionConstruction Status,1560 
seller,OWNER,2 , 35 L,1560 ,muthangi,Under ConstructionConstruction Status,1560 
seller,OWNER,2 , 35 L,1560 ,muthangi,Under ConstructionConstruction Status,1560 
seller,OWNER,2 , 35 L,1560 ,muthangi,Under ConstructionConstruction Status,1560 
seller,OWNER,2 , 36 L,1150 ,Miyapur,Under ConstructionConstruction Status,1150 
seller,OWNER,2 , 36 L,1150 ,Miyapur,Under ConstructionConstruction Status,1150 
seller,OWNER,2 , 36 L,1150 ,Miyapur,Under ConstructionConstruction Status,1150 
seller,OWNER,2 , 36 L,1150 ,Miyapur,Under ConstructionConstruction Status,1150 
seller,OWNER,2 , 34 L,1040 ,Miyapur,Under ConstructionConstruction Status,1040 
seller,OWNER,2 , 26 L,1150 ,muthangi,Under ConstructionConstruction Status,1150 
seller,OWNER,2 , 26 L,1150 ,muthangi,Under ConstructionConstruction Status,1150 
seller,OWNER,2 , 26 L,1150 ,muthangi,Under ConstructionConstruction Status,1150 
seller,OWNER,2 , 26 L,1150 ,muthangi,Under ConstructionConstruction Status,1150 
seller,OWNER,2 , 36 L,1150 ,Miyapur,Under ConstructionConstruction Status,1150 
seller,OWNER,2 , 36 L,1150 ,Miyapur,Under ConstructionConstruction Status,1150 
seller,OWNER,2 , 36 L,1150 ,Miyapur,Under ConstructionConstruction Status,1150 
seller,OWNER,2 , 38 L,1040 ,Chandanagar Vill,Under ConstructionConstruction Status,1040 
seller,OWNER,2 , 38 L,1040 ,Chandanagar Vill,Under ConstructionConstruction Status,1040 
seller,OWNER,2 , 26 L,1150 ,muthangi,Under ConstructionConstruction Status,1150 
seller,OWNER,2 , 36 L,1040 ,Miyapur,Under ConstructionConstruction Status,1040 
seller,OWNER,2 , 36 L,1040 ,Miyapur,Under ConstructionConstruction Status,1040 
seller,OWNER,2 , 36 L,1020 ,Miyapur,Under ConstructionConstruction Status,1020 
seller,OWNER,3 , 44 L,1240 ,Chandanagar,Under ConstructionConstruction Status,1240 
seller,OWNER,3 , 36 L,1520 ,muthangi,Under ConstructionConstruction Status,1520 
seller,OWNER,3 , 36 L,1520 ,muthangi,Under ConstructionConstruction Status,1520 
seller,OWNER,3 , 36 L,1560 ,muthangi,Under ConstructionConstruction Status,1560 
seller,OWNER,2 , 26 L,1170 ,muthangi,Under ConstructionConstruction Status,1170 
seller,OWNER,2 , 36 L,1040 ,Miyapur,Under ConstructionConstruction Status,1040 
seller,OWNER,2 , 36 L,1020 ,Miyapur,Under ConstructionConstruction Status,1020 
seller,OWNER,3 , 37 L,1040 ,Chandanagar,Under ConstructionConstruction Status,1040 
seller,OWNER,2 , 38 L,1060 ,Miyapur,Under ConstructionConstruction Status,1060 
seller,OWNER,2 , 36 L,1020 ,Miyapur,Under ConstructionConstruction Status,1020 
seller,OWNER,2 , 38 L,1060 ,Miyapur,Under ConstructionConstruction Status,1060 
seller,OWNER,2 , 38 L,1060 ,Miyapur,Under ConstructionConstruction Status,1060 
seller,OWNER,2 , 38 L,1040 ,Miyapur,Under ConstructionConstruction Status,1040 
seller,OWNER,2 , 38 L,1040 ,Miyapur,Under ConstructionConstruction Status,1040 
seller,OWNER,2 , 38 L,1040 ,Miyapur,Under ConstructionConstruction Status,1040 
seller,OWNER,2 , 38 L,1040 ,Miyapur,Under ConstructionConstruction Status,1040 
seller,OWNER,2 , 38 L,1040 ,Miyapur,Under ConstructionConstruction Status,1040 
seller,OWNER,2 , 38 L,1060 ,Miyapur,Under ConstructionConstruction Status,1060 
seller,OWNER,2 , 38 L,1040 ,Miyapur,Under ConstructionConstruction Status,1040 
seller,OWNER,2 , 38 L,1040 ,Miyapur,Under ConstructionConstruction Status,1040 
seller,OWNER,2 , 38 L,1040 ,Miyapur,Under ConstructionConstruction Status,1040 
seller,OWNER,2 , 38 L,1040 ,Miyapur,Under ConstructionConstruction Status,1040 
seller,OWNER,2 , 38 L,1040 ,Miyapur,Under ConstructionConstruction Status,1040 
seller,OWNER,3 , 37 L,1040 ,Chandanagar,Under ConstructionConstruction Status,1040 
seller,OWNER,3 , 37 L,1040 ,Chandanagar,Under ConstructionConstruction Status,1040 
seller,OWNER,3 , 37 L,1040 ,Chandanagar,Under ConstructionConstruction Status,1040 
seller,OWNER,3 , 37 L,1040 ,Chandanagar,Under ConstructionConstruction Status,1040 
seller,OWNER,3 , 44 L,1240 ,Chandanagar,Under ConstructionConstruction Status,1240 
seller,OWNER,3 , 44 L,1240 ,Chandanagar,Under ConstructionConstruction Status,1240 
seller,OWNER,3 , 44 L,1240 ,Chandanagar,Under ConstructionConstruction Status,1240 
seller,OWNER,3 , 44 L,1240 ,Chandanagar,Under ConstructionConstruction Status,1240 
seller,OWNER,3 , 44 L,1240 ,Chandanagar,Under ConstructionConstruction Status,1240 
seller,OWNER,2 , 36 L,1020 ,Miyapur,Under ConstructionConstruction Status,1020 
seller,OWNER,2 , 36 L,1020 ,Miyapur,Under ConstructionConstruction Status,1020 
seller,OWNER,2 , 36 L,1020 ,Miyapur,Under ConstructionConstruction Status,1020 
seller,OWNER,2 , 45 L,935 ,Amberpet,Ready to moveConstruction Status,935 
seller,OWNER,2 , 36 L,1020 ,Miyapur,Under ConstructionConstruction Status,1020 
seller,OWNER,3 , 44 L,1240 ,Chandanagar,Under ConstructionConstruction Status,1240 
seller,OWNER,3 , 44 L,1240 ,Chandanagar,Under ConstructionConstruction Status,1240 
seller,OWNER,3 , 44 L,1240 ,Chandanagar,Under ConstructionConstruction Status,1240 
seller,OWNER,6 , 6 Cr,5740 ,Nallagandla Gachibowli,Ready to moveConstruction Status,5740 
seller,OWNER,2 , 38 L,1060 ,Miyapur,Under ConstructionConstruction Status,1060 
seller,OWNER,2 , 38 L,1040 ,Miyapur,Under ConstructionConstruction Status,1040 
seller,OWNER,2 , 38 L,1060 ,Miyapur,Under ConstructionConstruction Status,1060 
seller,OWNER,2 , 38 L,1060 ,Miyapur,Under ConstructionConstruction Status,1060 
seller,OWNER,3 , 37 L,1040 ,Chandanagar,Under ConstructionConstruction Status,1040 
seller,OWNER,2 , 38 L,1040 ,Miyapur,Under ConstructionConstruction Status,1040 
seller,OWNER,2 , 38 L,1040 ,Miyapur,Under ConstructionConstruction Status,1040 
seller,OWNER,2 , 38 L,1060 ,Miyapur,Under ConstructionConstruction Status,1060 
seller,OWNER,2 , 38 L,1040 ,Miyapur,Under ConstructionConstruction Status,1040 
seller,OWNER,2 , 38 L,1040 ,Miyapur,Under ConstructionConstruction Status,1040 
seller,OWNER,2 , 38 L,1060 ,Miyapur,Under ConstructionConstruction Status,1060 
seller,OWNER,2 , 38 L,1040 ,Miyapur,Under ConstructionConstruction Status,1040 
seller,OWNER,2 , 38 L,1060 ,Miyapur,Under ConstructionConstruction Status,1060 
seller,OWNER,2 , 38 L,1040 ,Miyapur,Under ConstructionConstruction Status,1040 
seller,OWNER,2 , 38 L,1040 ,Miyapur,Under ConstructionConstruction Status,1040 
seller,OWNER,2 , 36 L,1020 ,Miyapur,Under ConstructionConstruction Status,1020 
seller,OWNER,2 , 36 L,1020 ,Miyapur,Under ConstructionConstruction Status,1020 
seller,OWNER,3 , 37 L,1040 ,Chandanagar,Under ConstructionConstruction Status,1040 
seller,OWNER,2 , 38 L,1060 ,Miyapur,Under ConstructionConstruction Status,1060 
seller,OWNER,3 , 37 L,1040 ,Chandanagar,Under ConstructionConstruction Status,1040 
seller,OWNER,3 , 37 L,1040 ,Chandanagar,Under ConstructionConstruction Status,1040 
seller,OWNER,3 , 37 L,1040 ,Chandanagar,Under ConstructionConstruction Status,1040 
seller,OWNER,2 , 38 L,1040 ,Chandanagar,Under ConstructionConstruction Status,1040 
seller,OWNER,3 , 59 L,1705 ,Nizampet,Ready to moveConstruction Status,1705 
seller,OWNER,3 , 59 L,1705 ,Nizampet,Ready to moveConstruction Status,1705 
seller,OWNER,2 , 45 L,1136 ,Shadnagar,Ready to moveConstruction Status,1136 
seller,OWNER,3 , 59 L,1705 ,Nizampet,Ready to moveConstruction Status,1705 
seller,OWNER,3 , 44 L,1260 ,Chandanagar,Under ConstructionConstruction Status,1260 
seller,OWNER,3 , 44 L,1260 ,Chandanagar,Under ConstructionConstruction Status,1260 
seller,OWNER,3 , 44 L,1260 ,Chandanagar,Under ConstructionConstruction Status,1260 
seller,OWNER,3 , 44 L,1260 ,Chandanagar,Under ConstructionConstruction Status,1260 
seller,OWNER,2 , 36 L,1020 ,Chandanagar,Under ConstructionConstruction Status,1020 
seller,OWNER,2 , 36 L,1020 ,Chandanagar,Under ConstructionConstruction Status,1020 
seller,OWNER,2 , 36 L,1020 ,Chandanagar,Under ConstructionConstruction Status,1020 
seller,OWNER,2 , 36 L,1020 ,Chandanagar,Under ConstructionConstruction Status,1020 
seller,OWNER,3 , 43.4 L,1240 ,Miyapur,Under ConstructionConstruction Status,1240 
seller,OWNER,3 , 44 L,1260 ,Chandanagar,Under ConstructionConstruction Status,1260 
seller,OWNER,3 , 44 L,1260 ,Chandanagar,Under ConstructionConstruction Status,1260 
seller,OWNER,3 , 44 L,1260 ,Chandanagar,Under ConstructionConstruction Status,1260 
seller,OWNER,2 , 36 L,1020 ,Chandanagar,Under ConstructionConstruction Status,1020 
seller,OWNER,2 , 36 L,1020 ,Chandanagar,Under ConstructionConstruction Status,1020 
seller,OWNER,3 , 43.4 L,1240 ,Miyapur,Under ConstructionConstruction Status,1240 
seller,OWNER,2 , 38 L,1040 ,Chandanagar,Under ConstructionConstruction Status,1040 
seller,OWNER,2 , 34 L,1040 ,Chandanagar,Under ConstructionConstruction Status,1040 
seller,OWNER,3 , 44 L,1260 ,Chandanagar,Under ConstructionConstruction Status,1260 
seller,OWNER,3 , 44 L,1260 ,Chandanagar,Under ConstructionConstruction Status,1260 
seller,OWNER,3 , 44 L,1260 ,Chandanagar,Under ConstructionConstruction Status,1260 
seller,OWNER,3 , 44 L,1260 ,Chandanagar,Under ConstructionConstruction Status,1260 
seller,OWNER,2 , 36 L,1020 ,Chandanagar,Under ConstructionConstruction Status,1020 
seller,OWNER,2 , 36 L,1020 ,Chandanagar,Under ConstructionConstruction Status,1020 
seller,OWNER,2 , 36 L,1020 ,Chandanagar,Under ConstructionConstruction Status,1020 
seller,OWNER,2 , 36 L,1020 ,Chandanagar,Under ConstructionConstruction Status,1020 
seller,OWNER,3 , 43.4 L,1240 ,Miyapur,Under ConstructionConstruction Status,1240 
seller,OWNER,3 , 43.4 L,1240 ,Miyapur,Under ConstructionConstruction Status,1240 
seller,OWNER,3 , 43.4 L,1240 ,Miyapur,Under ConstructionConstruction Status,1240 
seller,OWNER,3 , 43.4 L,1240 ,Miyapur,Under ConstructionConstruction Status,1240 
seller,OWNER,Residential Plot, 11.26 L,1314 ,Shadnagar,ResaleNew/Resale,1314 
seller,OWNER,Residential Plot, 11.26 L,1314 ,Shadnagar,ResaleNew/Resale,1314 
seller,OWNER,Residential Plot, 11.26 L,1314 ,Shadnagar,ResaleNew/Resale,1314 
seller,OWNER,Residential Plot, 11.26 L,1314 ,Shadnagar,ResaleNew/Resale,1314 
seller,OWNER,Residential Plot, 11.26 L,1314 ,Shadnagar,ResaleNew/Resale,1314 
seller,OWNER,Residential Plot, 11.26 L,1314 ,Shadnagar,ResaleNew/Resale,1314 
seller,OWNER,Residential Plot, 11.26 L,1314 ,Shadnagar,ResaleNew/Resale,1314 
seller,OWNER,Residential Plot, 11.68 L,1314 ,Shadnagar,ResaleNew/Resale,1314 
seller,OWNER,2 , 36 L,1570 ,muthangi,Under ConstructionConstruction Status,1570 
seller,OWNER,2 , 36 L,1570 ,muthangi,Under ConstructionConstruction Status,1570 
seller,OWNER,2 , 36 L,1570 ,muthangi,Under ConstructionConstruction Status,1570 
seller,OWNER,2 , 36 L,1570 ,muthangi,Under ConstructionConstruction Status,1570 
seller,OWNER,2 , 36 L,1570 ,muthangi,Under ConstructionConstruction Status,1570 
seller,OWNER,2 , 36 L,1570 ,muthangi,Under ConstructionConstruction Status,1570 
seller,OWNER,2 , 36 L,1570 ,muthangi,Under ConstructionConstruction Status,1570 
seller,OWNER,2 , 36 L,1570 ,muthangi,Under ConstructionConstruction Status,1570 
seller,OWNER,2 , 36 L,1570 ,muthangi,Under ConstructionConstruction Status,1570 
seller,OWNER,3 , 36 L,1570 ,muthangi,Under ConstructionConstruction Status,1570 
seller,OWNER,3 , 36 L,1570 ,muthangi,Under ConstructionConstruction Status,1570 
seller,OWNER,3 , 36 L,1570 ,muthangi,Under ConstructionConstruction Status,1570 
seller,OWNER,2 , 26 L,1530 ,muthangi,Under ConstructionConstruction Status,1530 
seller,OWNER,2 , 26 L,1530 ,muthangi,Under ConstructionConstruction Status,1530 
seller,OWNER,2 , 26 L,1530 ,muthangi,Under ConstructionConstruction Status,1530 
seller,OWNER,2 , 26 L,1170 ,muthangi,Under ConstructionConstruction Status,1170 
seller,OWNER,3 , 43.4 L,1240 ,Miyapur,Under ConstructionConstruction Status,1240 
seller,OWNER,3 , 43.4 L,1240 ,Miyapur,Under ConstructionConstruction Status,1240 
seller,OWNER,3 , 43.4 L,1240 ,Miyapur,Under ConstructionConstruction Status,1240 
seller,OWNER,3 , 43.4 L,1240 ,Miyapur,Under ConstructionConstruction Status,1240 
seller,OWNER,2 , 35.7 L,1020 ,Miyapur,Under ConstructionConstruction Status,1020 
seller,OWNER,3 , 43.4 L,1240 ,Miyapur,Under ConstructionConstruction Status,1240 
seller,OWNER,2 , 26 L,1160 ,muthangi,Under ConstructionConstruction Status,1160 
seller,OWNER,2 , 35.7 L,1020 ,Miyapur,Under ConstructionConstruction Status,1020 
seller,OWNER,3 , 36 L,1560 ,muthangi,Under ConstructionConstruction Status,1560 
seller,OWNER,3 , 36 L,1560 ,muthangi,Under ConstructionConstruction Status,1560 
seller,OWNER,2 , 26 L,1160 ,muthangi,Under ConstructionConstruction Status,1160 
seller,OWNER,2 , 26 L,1160 ,muthangi,Under ConstructionConstruction Status,1160 
seller,OWNER,3 , 36 L,1560 ,muthangi,Under ConstructionConstruction Status,1560 
seller,OWNER,3 , 36 L,1560 ,muthangi,Under ConstructionConstruction Status,1560 
seller,OWNER,2 , 35.7 L,1020 ,Miyapur,Under ConstructionConstruction Status,1020 
seller,OWNER,2 , 35.7 L,1020 ,Miyapur,Under ConstructionConstruction Status,1020 
seller,OWNER,2 , 26 L,1530 ,muthangi,Under ConstructionConstruction Status,1530 
seller,OWNER,2 , 26 L,1160 ,muthangi,Under ConstructionConstruction Status,1160 
seller,OWNER,2 , 26 L,1500 ,muthangi,Under ConstructionConstruction Status,1500 
seller,OWNER,2 , 26 L,1500 ,muthangi,Under ConstructionConstruction Status,1500 
seller,OWNER,3 , 36 L,1560 ,muthangi,Under ConstructionConstruction Status,1560 
seller,OWNER,3 , 36 L,1560 ,muthangi,Under ConstructionConstruction Status,1560 
seller,OWNER,2 , 26 L,1500 ,muthangi,Under ConstructionConstruction Status,1500 
seller,OWNER,2 , 26 L,1160 ,muthangi,Under ConstructionConstruction Status,1160 
seller,OWNER,2 , 26 L,1500 ,muthangi,Under ConstructionConstruction Status,1500 
seller,OWNER,2 , 26 L,1500 ,muthangi,Under ConstructionConstruction Status,1500 
seller,OWNER,3 , 36 L,1560 ,muthangi,Under ConstructionConstruction Status,1560 
seller,OWNER,2 , 26 L,1160 ,muthangi,Under ConstructionConstruction Status,1160 
seller,OWNER,3 , 43.4 L,1240 ,Miyapur,Under ConstructionConstruction Status,1240 
seller,OWNER,3 , 43.4 L,1240 ,Miyapur,Under ConstructionConstruction Status,1240 
seller,OWNER,3 , 43.4 L,1240 ,Miyapur,Under ConstructionConstruction Status,1240 
seller,OWNER,3 , 43.4 L,1240 ,Miyapur,Under ConstructionConstruction Status,1240 
seller,OWNER,2 , 35.7 L,1020 ,Miyapur,Under ConstructionConstruction Status,1020 
seller,OWNER,3 , 43.4 L,1240 ,Miyapur,Under ConstructionConstruction Status,1240 
seller,OWNER,2 , 26 L,1160 ,muthangi,Under ConstructionConstruction Status,1160 
seller,OWNER,2 , 35.7 L,1020 ,Miyapur,Under ConstructionConstruction Status,1020 
seller,OWNER,2 , 26 L,1530 ,muthangi,Under ConstructionConstruction Status,1530 
seller,OWNER,2 , 35.7 L,1020 ,Miyapur,Under ConstructionConstruction Status,1020 
seller,OWNER,2 , 26 L,1530 ,muthangi,Under ConstructionConstruction Status,1530 
seller,OWNER,2 , 35.7 L,1020 ,Miyapur,Under ConstructionConstruction Status,1020 
seller,OWNER,2 , 35.7 L,1020 ,Miyapur,Under ConstructionConstruction Status,1020 
seller,OWNER,2 , 35.7 L,1020 ,Miyapur,Under ConstructionConstruction Status,1020 
seller,OWNER,2 , 26 L,1530 ,muthangi,Under ConstructionConstruction Status,1530 
seller,OWNER,3 , 36 L,1560 ,muthangi,Under ConstructionConstruction Status,1560 
seller,OWNER,2 , 26 L,1160 ,muthangi,Under ConstructionConstruction Status,1160 
seller,OWNER,2 , 26 L,1170 ,muthangi,Under ConstructionConstruction Status,1170 
seller,OWNER,2 , 26 L,1530 ,muthangi,Under ConstructionConstruction Status,1530 
seller,OWNER,2 , 36 L,1570 ,muthangi,Under ConstructionConstruction Status,1570 
seller,OWNER,2 , 26 L,1530 ,muthangi,Under ConstructionConstruction Status,1530 
seller,OWNER,3 , 36 L,1570 ,muthangi,Under ConstructionConstruction Status,1570 
seller,OWNER,2 , 26 L,1530 ,muthangi,Under ConstructionConstruction Status,1530 
seller,OWNER,2 , 36 L,1570 ,muthangi,Under ConstructionConstruction Status,1570 
seller,OWNER,2 , 26 L,1160 ,muthangi,Under ConstructionConstruction Status,1160 
seller,OWNER,2 , 36 L,1570 ,muthangi,Under ConstructionConstruction Status,1570 
seller,OWNER,2 , 26 L,1170 ,muthangi,Under ConstructionConstruction Status,1170 
seller,OWNER,2 , 26 L,1170 ,muthangi,Under ConstructionConstruction Status,1170 
seller,OWNER,2 , 26 L,1500 ,muthangi,Under ConstructionConstruction Status,1500 
seller,OWNER,3 , 36 L,1560 ,muthangi,Under ConstructionConstruction Status,1560 
seller,OWNER,3 , 36 L,1560 ,muthangi,Under ConstructionConstruction Status,1560 
seller,OWNER,3 , 36 L,1570 ,muthangi,Under ConstructionConstruction Status,1570 
seller,OWNER,2 , 26 L,1160 ,muthangi,Under ConstructionConstruction Status,1160 
seller,OWNER,2 , 36 L,1570 ,muthangi,Under ConstructionConstruction Status,1570 
seller,OWNER,2 , 26 L,1160 ,muthangi,Under ConstructionConstruction Status,1160 
seller,OWNER,3 , 36 L,1570 ,muthangi,Under ConstructionConstruction Status,1570 
seller,OWNER,2 , 26 L,1170 ,muthangi,Under ConstructionConstruction Status,1170 
seller,OWNER,2 , 36 L,1570 ,muthangi,Under ConstructionConstruction Status,1570 
seller,OWNER,2 , 26 L,1160 ,muthangi,Under ConstructionConstruction Status,1160 
seller,OWNER,2 , 26 L,1160 ,muthangi,Under ConstructionConstruction Status,1160 
seller,OWNER,2 , 26 L,1170 ,muthangi,Under ConstructionConstruction Status,1170 
seller,OWNER,3 , 36 L,1570 ,muthangi,Under ConstructionConstruction Status,1570 
seller,OWNER,2 , 26 L,1170 ,muthangi,Under ConstructionConstruction Status,1170 
seller,OWNER,2 , 26 L,1160 ,muthangi,Under ConstructionConstruction Status,1160 
seller,OWNER,2 , 26 L,1160 ,muthangi,Under ConstructionConstruction Status,1160 
seller,OWNER,2 , 26 L,1160 ,muthangi,Under ConstructionConstruction Status,1160 
seller,OWNER,2 , 26 L,1160 ,muthangi,Under ConstructionConstruction Status,1160 
seller,OWNER,2 , 26 L,1160 ,muthangi,Under ConstructionConstruction Status,1160 
seller,OWNER,2 , 36 L,1570 ,muthangi,Under ConstructionConstruction Status,1570 
seller,OWNER,2 , 26 L,1500 ,muthangi,Under ConstructionConstruction Status,1500 
seller,OWNER,2 , 26 L,1160 ,muthangi,Under ConstructionConstruction Status,1160 
seller,OWNER,3 , 36 L,1560 ,muthangi,Under ConstructionConstruction Status,1560 
seller,OWNER,2 , 26 L,1160 ,muthangi,Under ConstructionConstruction Status,1160 
seller,OWNER,3 , 43.4 L,1240 ,Miyapur,Under ConstructionConstruction Status,1240 
seller,OWNER,2 , 35.7 L,1020 ,Miyapur,Under ConstructionConstruction Status,1020 
seller,OWNER,2 , 26 L,1160 ,muthangi,Under ConstructionConstruction Status,1160 
seller,OWNER,2 , 26 L,1170 ,muthangi,Under ConstructionConstruction Status,1170 
seller,OWNER,3 , 36 L,1570 ,muthangi,Under ConstructionConstruction Status,1570 
seller,OWNER,2 , 26 L,1160 ,muthangi,Under ConstructionConstruction Status,1160 
seller,OWNER,2 , 26 L,1160 ,muthangi,Under ConstructionConstruction Status,1160 
seller,OWNER,2 , 26 L,1530 ,muthangi,Under ConstructionConstruction Status,1530 
seller,OWNER,2 , 26 L,1160 ,muthangi,Under ConstructionConstruction Status,1160 
seller,OWNER,2 , 26 L,1160 ,muthangi,Under ConstructionConstruction Status,1160 
seller,OWNER,2 , 26 L,1530 ,muthangi,Under ConstructionConstruction Status,1530 
seller,OWNER,2 , 26 L,1160 ,muthangi,Under ConstructionConstruction Status,1160 
seller,OWNER,2 , 26 L,1500 ,muthangi,Under ConstructionConstruction Status,1500 
seller,OWNER,2 , 26 L,1500 ,muthangi,Under ConstructionConstruction Status,1500 
seller,OWNER,3 , 36 L,1560 ,muthangi,Under ConstructionConstruction Status,1560 
seller,OWNER,3 , 36 L,1560 ,muthangi,Under ConstructionConstruction Status,1560 
seller,OWNER,2 , 35.7 L,1020 ,Miyapur,Under ConstructionConstruction Status,1020 
seller,OWNER,2 , 35.7 L,1020 ,Miyapur,Under ConstructionConstruction Status,1020 
seller,OWNER,2 , 26 L,1160 ,muthangi,Under ConstructionConstruction Status,1160 
seller,OWNER,2 , 35.7 L,1020 ,Miyapur,Under ConstructionConstruction Status,1020 
seller,OWNER,2 , 35.7 L,1020 ,Miyapur,Under ConstructionConstruction Status,1020 
seller,OWNER,2 , 35.7 L,1020 ,Miyapur,Under ConstructionConstruction Status,1020 
seller,OWNER,Residential Plot, 30 L,900 ,chandrayangutta,ResaleNew/Resale,900 
seller,OWNER,Residential Plot, 44 L,1503 ,Medchal,ResaleNew/Resale,1503 
seller,OWNER,2 , 64.7 L,1290 ,Puppalaguda,Ready to moveConstruction Status,1290 
seller,OWNER,5 , 2.5 Cr,4400 ,Kothapet,Ready to moveConstruction Status,4400 
seller,OWNER,3 , 93 L,1332 ,Bandlaguda Jagir,Ready to moveConstruction Status,1332 
seller,OWNER,2 , 36 L,830 ,Serilingampally,Ready to moveConstruction Status,830 
seller,OWNER,3 , 1.31 Cr,3000 ,AS Rao Nagar,Ready to moveConstruction Status,3000 
seller,OWNER,3 , 1.31 Cr,3000 ,AS Rao Nagar,Ready to moveConstruction Status,3000 
seller,OWNER,3 , 1.19 Cr,3000 ,AS Rao Nagar,Ready to moveConstruction Status,3000 
seller,OWNER,3 , 1.31 Cr,3000 ,AS Rao Nagar,Ready to moveConstruction Status,3000 
seller,OWNER,3 , 1.31 Cr,3000 ,AS Rao Nagar,Ready to moveConstruction Status,3000 
seller,OWNER,3 , 1.31 Cr,3000 ,AS Rao Nagar,Ready to moveConstruction Status,3000 
seller,OWNER,3 , 1.31 Cr,3000 ,AS Rao Nagar,Ready to moveConstruction Status,3000 
seller,OWNER,3 , 45 L,900 ,Kishan Bagh,Ready to moveConstruction Status,900 
seller,OWNER,2 , 60 L,1300 ,Pasumamula,Under ConstructionConstruction Status,1300 
seller,OWNER,2 , 60 L,1300 ,Pasumamula,Under ConstructionConstruction Status,1300 
seller,OWNER,2 , 60 L,1300 ,Pasumamula,Under ConstructionConstruction Status,1300 
seller,OWNER,2 , 60 L,1230 ,Pasumamula,Under ConstructionConstruction Status,1230 
seller,OWNER,2 , 60 L,1300 ,Pasumamula,Under ConstructionConstruction Status,1300 
seller,OWNER,2 , 60 L,1300 ,Pasumamula,Under ConstructionConstruction Status,1300 
seller,OWNER,2 , 60 L,1300 ,Pasumamula,Under ConstructionConstruction Status,1300 
seller,OWNER,2 , 60 L,1300 ,Pasumamula,Under ConstructionConstruction Status,1300 
seller,OWNER,2 , 1.29 Cr,1360 ,Madhapur,Ready to moveConstruction Status,1360 
seller,OWNER,2 , 62 L,1197 ,Chengicherla,Ready to moveConstruction Status,1197 
seller,OWNER,2 , 53.72 L,1130 ,Karmanghat,Ready to moveConstruction Status,1130 
seller,OWNER,2 , 35 L,870 ,Meerpet,Ready to moveConstruction Status,870 
seller,OWNER,3 , 1.66 Cr,1870 ,Nanakramguda,Ready to moveConstruction Status,1870 
seller,OWNER,2 , 26 L,700 ,Manikonda,Ready to moveConstruction Status,700 
seller,OWNER,2 , 62 L,1197 ,Chengicherla,Ready to moveConstruction Status,1197 
seller,OWNER,2 , 32 L,864 ,Jeedimetla,Ready to moveConstruction Status,864 
seller,OWNER,2 , 32 L,864 ,Jeedimetla,Ready to moveConstruction Status,864 
seller,OWNER,2 , 26 L,1170 ,muthangi,Under ConstructionConstruction Status,1170 
seller,OWNER,2 , 26 L,1170 ,muthangi,Under ConstructionConstruction Status,1170 
seller,OWNER,2 , 26 L,1170 ,muthangi,Under ConstructionConstruction Status,1170 
seller,OWNER,2 , 26 L,1170 ,muthangi,Under ConstructionConstruction Status,1170 
seller,OWNER,2 , 26 L,1170 ,muthangi,Under ConstructionConstruction Status,1170 
seller,OWNER,3 , 35 L,1595 ,muthangi,Under ConstructionConstruction Status,1595 
seller,OWNER,2 , 26 L,1170 ,muthangi,Under ConstructionConstruction Status,1170 
seller,OWNER,3 , 35 L,1595 ,muthangi,Under ConstructionConstruction Status,1595 
seller,OWNER,3 , 35 L,1595 ,muthangi,Under ConstructionConstruction Status,1595 
seller,OWNER,3 , 35 L,1595 ,muthangi,Under ConstructionConstruction Status,1595 
seller,OWNER,3 , 35 L,1595 ,muthangi,Under ConstructionConstruction Status,1595 
seller,OWNER,3 , 35 L,1595 ,muthangi,Under ConstructionConstruction Status,1595 
seller,OWNER,2 , 32 L,864 ,Jeedimetla,Ready to moveConstruction Status,864 
seller,OWNER,2 , 32 L,864 ,Jeedimetla,Ready to moveConstruction Status,864 
seller,OWNER,2 , 26 L,1170 ,muthangi,Under ConstructionConstruction Status,1170 
seller,OWNER,2 , 26 L,1170 ,muthangi,Under ConstructionConstruction Status,1170 
seller,OWNER,2 , 26 L,1170 ,muthangi,Under ConstructionConstruction Status,1170 
seller,OWNER,2 , 26 L,1170 ,muthangi,Under ConstructionConstruction Status,1170 
seller,OWNER,3 , 35 L,1595 ,muthangi,Under ConstructionConstruction Status,1595 
seller,OWNER,3 , 35 L,1595 ,muthangi,Under ConstructionConstruction Status,1595 
seller,OWNER,3 , 35 L,1595 ,muthangi,Under ConstructionConstruction Status,1595 
seller,OWNER,3 , 35 L,1595 ,muthangi,Under ConstructionConstruction Status,1595 
seller,OWNER,2 , 26 L,1170 ,muthangi,Under ConstructionConstruction Status,1170 
seller,OWNER,3 , 35 L,1595 ,muthangi,Under ConstructionConstruction Status,1595 
seller,OWNER,2 , 26 L,1170 ,muthangi,Under ConstructionConstruction Status,1170 
seller,OWNER,3 , 35 L,1595 ,muthangi,Under ConstructionConstruction Status,1595 
seller,OWNER,3 , 35 L,1595 ,muthangi,Under ConstructionConstruction Status,1595 
seller,OWNER,2 , 65 L,1220 ,Suchitra,Ready to moveConstruction Status,1220 
seller,OWNER,Residential Plot, 28 L,1500 ,Shankarpalli,ResaleNew/Resale,1500 
seller,OWNER,3 , 69.7 L,1470 ,Bachupally,Ready to moveConstruction Status,1470 
seller,OWNER,3 , 69.5 L,1470 ,Bachupally,Ready to moveConstruction Status,1470 
seller,OWNER,2 , 50 L,1182 ,Shankarpalli,Under ConstructionConstruction Status,1182 
seller,OWNER,2 , 50 L,1182 ,Shankarpalli,Under ConstructionConstruction Status,1182 
seller,OWNER,2 , 50 L,1182 ,Shankarpalli,Under ConstructionConstruction Status,1182 
seller,OWNER,2 , 50 L,1182 ,Shankarpalli,Under ConstructionConstruction Status,1182 
seller,OWNER,2 , 50 L,1182 ,Shankarpalli,Under ConstructionConstruction Status,1182 
seller,OWNER,2 , 57 L,1200 ,Alwal,Ready to moveConstruction Status,1200 
seller,OWNER,2 , 50 L,1182 ,Shankarpalli,Under ConstructionConstruction Status,1182 
seller,OWNER,2 , 50 L,1182 ,Shankarpalli,Under ConstructionConstruction Status,1182 
seller,OWNER,2 , 50 L,1182 ,Shankarpalli,Under ConstructionConstruction Status,1182 
seller,OWNER,2 , 50 L,1182 ,Shankarpalli,Under ConstructionConstruction Status,1182 
seller,OWNER,2 , 50 L,1182 ,Shankarpalli,Under ConstructionConstruction Status,1182 
seller,OWNER,2 , 50 L,1182 ,Shankarpalli,Under ConstructionConstruction Status,1182 
seller,OWNER,2 , 50 L,1182 ,Shankarpalli,Under ConstructionConstruction Status,1182 
seller,OWNER,3 , 54.44 L,1945 ,Kompally,Under ConstructionConstruction Status,1945 
seller,OWNER,3 , 54.44 L,1945 ,Kompally,Under ConstructionConstruction Status,1945 
seller,OWNER,3 , 54.44 L,1945 ,Kompally,Under ConstructionConstruction Status,1945 
seller,OWNER,3 , 54.44 L,1945 ,Kompally,Under ConstructionConstruction Status,1945 
seller,OWNER,3 , 54.44 L,1945 ,Kompally,Under ConstructionConstruction Status,1945 
seller,OWNER,3 , 54.44 L,1945 ,Kompally,Under ConstructionConstruction Status,1945 
seller,OWNER,3 , 54.44 L,1945 ,Kompally,Under ConstructionConstruction Status,1945 
seller,OWNER,3 , 54.44 L,1945 ,Kompally,Under ConstructionConstruction Status,1945 
seller,OWNER,3 , 54.44 L,1945 ,Kompally,Under ConstructionConstruction Status,1945 
seller,OWNER,3 , 54.44 L,1945 ,Kompally,Under ConstructionConstruction Status,1945 
seller,OWNER,Residential Plot, 24 L,1850 ,Desh Mukhi,ResaleNew/Resale,1850 
seller,OWNER,Residential Plot, 43 L,450 ,Gachibowli,ResaleNew/Resale,450 
seller,OWNER,3 , 90 L,1525 ,East Marredpally,Ready to moveConstruction Status,1525 
seller,OWNER,4 , 90 L,2000 ,Malkajgiri,Under ConstructionConstruction Status,2000 
seller,OWNER,3 , 56 L,1310 ,Vanasthalipuram,Under ConstructionConstruction Status,1310 
seller,OWNER,Residential Plot, 7 L,900 ,Shadnagar,ResaleNew/Resale,900 
seller,OWNER,2 , 65 L,1228 ,Tellapur,Under ConstructionConstruction Status,1228 
seller,OWNER,2 , 35 L,1200 ,Pragathi Nagar Kukatpally,Under ConstructionConstruction Status,1200 
seller,OWNER,2 , 35 L,1200 ,Pragathi Nagar Kukatpally,Under ConstructionConstruction Status,1200 
seller,OWNER,4 , 2.3 Cr,2520 ,Balapur,Ready to moveConstruction Status,2520 
seller,OWNER,2 , 30 L,947 ,Bandlaguda Jagir,Ready to moveConstruction Status,947 
seller,OWNER,2 , 1.05 Cr,1100 ,Bandlaguda Jagir,Ready to moveConstruction Status,1100 
seller,OWNER,2 , 1.05 Cr,1100 ,Bandlaguda Jagir,Ready to moveConstruction Status,1100 
seller,OWNER,2 , 1.05 Cr,1100 ,Bandlaguda Jagir,Ready to moveConstruction Status,1100 
seller,OWNER,2 , 45 L,930 ,Patancheru,Under ConstructionConstruction Status,930 
seller,OWNER,2 , 45 L,930 ,Patancheru,Under ConstructionConstruction Status,930 
seller,OWNER,2 , 45 L,930 ,Patancheru,Under ConstructionConstruction Status,930 
seller,OWNER,2 , 45 L,930 ,Patancheru,Under ConstructionConstruction Status,930 
seller,OWNER,2 , 45 L,930 ,Patancheru,Under ConstructionConstruction Status,930 
seller,OWNER,2 , 40 L,950 ,Sainikpuri,Ready to moveConstruction Status,950 
seller,OWNER,2 , 51 L,1060 ,Patancheru,Under ConstructionConstruction Status,1060 
seller,OWNER,2 , 40 L,950 ,Sainikpuri,Ready to moveConstruction Status,950 
seller,OWNER,2 , 40 L,950 ,Sainikpuri,Ready to moveConstruction Status,950 
seller,OWNER,2 , 66 L,1120 ,Pedda Amberpet,Ready to moveConstruction Status,1120 
seller,OWNER,2 , 59.75 L,1200 ,Moosarambagh Road,Ready to moveConstruction Status,1200 
seller,OWNER,6 , 1.8 Cr,3500 ,Kukatpally,Ready to moveConstruction Status,3500 
seller,OWNER,6 , 1.8 Cr,3500 ,Kukatpally,Ready to moveConstruction Status,3500 
seller,OWNER,6 , 1.8 Cr,3500 ,Kukatpally,Ready to moveConstruction Status,3500 
seller,OWNER,6 , 1.8 Cr,3500 ,Kukatpally,Ready to moveConstruction Status,3500 
seller,OWNER,6 , 1.8 Cr,3500 ,Kukatpally,Ready to moveConstruction Status,3500 
seller,OWNER,6 , 1.8 Cr,3500 ,Kukatpally,Ready to moveConstruction Status,3500 
seller,OWNER,6 , 1.8 Cr,3500 ,Kukatpally,Ready to moveConstruction Status,3500 
seller,OWNER,6 , 1.8 Cr,3500 ,Kukatpally,Ready to moveConstruction Status,3500 
seller,OWNER,6 , 1.8 Cr,3500 ,Kukatpally,Ready to moveConstruction Status,3500 
seller,OWNER,6 , 1.8 Cr,3500 ,Kukatpally,Ready to moveConstruction Status,3500 
seller,OWNER,6 , 1.8 Cr,3500 ,Kukatpally,Ready to moveConstruction Status,3500 
seller,OWNER,6 , 1.8 Cr,3500 ,Kukatpally,Ready to moveConstruction Status,3500 
seller,OWNER,6 , 1.8 Cr,3500 ,Kukatpally,Ready to moveConstruction Status,3500 
seller,OWNER,6 , 1.8 Cr,3500 ,Kukatpally,Ready to moveConstruction Status,3500 
seller,OWNER,6 , 1.8 Cr,3500 ,Kukatpally,Ready to moveConstruction Status,3500 
seller,OWNER,6 , 1.8 Cr,3500 ,Kukatpally,Ready to moveConstruction Status,3500 
seller,OWNER,6 , 1.8 Cr,3500 ,Kukatpally,Ready to moveConstruction Status,3500 
seller,OWNER,3 , 40 L,1600 ,Bhanur,Under ConstructionConstruction Status,1600 
seller,OWNER,3 , 40 L,1600 ,Bhanur,Under ConstructionConstruction Status,1600 
seller,OWNER,3 , 40 L,1600 ,Bhanur,Under ConstructionConstruction Status,1600 
seller,OWNER,2 , 1.5 Cr,1032 ,Osman Nagar,Ready to moveConstruction Status,1032 
seller,OWNER,2 , 1.5 Cr,1032 ,Osman Nagar,Ready to moveConstruction Status,1032 
seller,OWNER,2 , 1.5 Cr,1032 ,Osman Nagar,Ready to moveConstruction Status,1032 
seller,OWNER,Residential Plot, 20 L,1566 ,Kothur Patti Digwal,ResaleNew/Resale,1566 
seller,OWNER,Residential Plot, 20 L,1566 ,Kothur Patti Digwal,ResaleNew/Resale,1566 
seller,OWNER,Residential Plot, 20 L,1566 ,Kothur Patti Digwal,ResaleNew/Resale,1566 
seller,OWNER,Residential Plot, 36 L,1800 ,Nagole,ResaleNew/Resale,1800 
seller,OWNER,Residential Plot, 20 L,1566 ,Kothur Patti Digwal,ResaleNew/Resale,1566 
seller,OWNER,Residential Plot, 20 L,1566 ,Kothur Patti Digwal,ResaleNew/Resale,1566 
seller,OWNER,2 , 35 L,1000 ,Patancheru,Under ConstructionConstruction Status,1000 
seller,OWNER,3 , 84.5 L,2325 ,Mettuguda,Ready to moveConstruction Status,2325 
seller,OWNER,Residential Plot, 48 L,1800 ,Bhanur,ResaleNew/Resale,1800 
seller,OWNER,2 , 58 L,990 ,Badangpet,Ready to moveConstruction Status,990 
seller,OWNER,2 , 30 L,1250 ,Kollur,Under ConstructionConstruction Status,1250 
seller,OWNER,2 , 44 L,1200 ,Pragathi Nagar Kukatpally,Under ConstructionConstruction Status,1200 
seller,OWNER,2 , 44 L,1200 ,Pragathi Nagar Kukatpally,Under ConstructionConstruction Status,1200 
seller,OWNER,2 , 44 L,1200 ,Pragathi Nagar Kukatpally,Under ConstructionConstruction Status,1200 
seller,OWNER,2 , 44 L,1200 ,Pragathi Nagar Kukatpally,Under ConstructionConstruction Status,1200 
seller,OWNER,2 , 44 L,1200 ,Pragathi Nagar Kukatpally,Under ConstructionConstruction Status,1200 
seller,OWNER,Residential Plot, 30 L,1575 ,Kothur,ResaleNew/Resale,1575 
seller,OWNER,Residential Plot, 30 L,1575 ,Kothur,ResaleNew/Resale,1575 
Kosher Proctor I Pvt Ltd,AGENT,3 , 1.09 Cr,1592 ,Kukatpally,Ready to moveConstruction Status,1592 
Kosher Proctor I Pvt Ltd,AGENT,2 , 94.11 L,1426 ,Kukatpally,Under ConstructionConstruction Status,1426 
seller,OWNER,3 , 91 L,1900 ,Bollaram,Ready to moveConstruction Status,1900 
seller,OWNER,2 , 87 L,1145 ,Kukatpally,Ready to moveConstruction Status,1145 
seller,OWNER,3 , 3 Cr,2005 ,Kompally,Ready to moveConstruction Status,2005 
seller,OWNER,3 , 82 L,1515 ,Kondapur,Ready to moveConstruction Status,1515 
seller,OWNER,3 , 82 L,1515 ,Kondapur,Ready to moveConstruction Status,1515 
seller,OWNER,3 , 82 L,1515 ,Kondapur,Ready to moveConstruction Status,1515 
seller,OWNER,2 , 40 L,750 ,LB Nagar,Ready to moveConstruction Status,750 
seller,OWNER,2 , 29.5 L,1040 ,Pragathi Nagar Kukatpally,Ready to moveConstruction Status,1040 
seller,OWNER,2 , 22 L,1100 ,Shamirpet,Ready to moveConstruction Status,1100 
seller,OWNER,6 , 2.2 Cr,4000 ,Mokila,Under ConstructionConstruction Status,4000 
seller,OWNER,6 , 2.2 Cr,4000 ,Mokila,Under ConstructionConstruction Status,4000 
seller,OWNER,6 , 2.2 Cr,4000 ,Mokila,Under ConstructionConstruction Status,4000 
seller,OWNER,6 , 2.2 Cr,4000 ,Mokila,Under ConstructionConstruction Status,4000 
seller,OWNER,6 , 2.2 Cr,4000 ,Mokila,Under ConstructionConstruction Status,4000 
seller,OWNER,Residential Plot, 18.18 L,2727 ,Chevella,ResaleNew/Resale,2727 
seller,OWNER,Residential Plot, 18.18 L,2727 ,Chevella,ResaleNew/Resale,2727 
seller,OWNER,Residential Plot, 18.18 L,2727 ,Chevella,ResaleNew/Resale,2727 
seller,OWNER,Residential Plot, 18.18 L,2727 ,Chevella,ResaleNew/Resale,2727 
seller,OWNER,Residential Plot, 18.18 L,2727 ,Chevella,ResaleNew/Resale,2727 
seller,OWNER,Residential Plot, 18.18 L,2727 ,Chevella,ResaleNew/Resale,2727 
seller,OWNER,Residential Plot, 18.18 L,2727 ,Chevella,ResaleNew/Resale,2727 
seller,OWNER,Residential Plot, 18.18 L,2727 ,Chevella,ResaleNew/Resale,2727 
seller,OWNER,Residential Plot, 18.18 L,2727 ,Chevella,ResaleNew/Resale,2727 
seller,OWNER,Residential Plot, 18.18 L,2727 ,Chevella,ResaleNew/Resale,2727 
seller,OWNER,Residential Plot, 18.18 L,2727 ,Chevella,ResaleNew/Resale,2727 
seller,OWNER,Residential Plot, 18.18 L,2727 ,Chevella,ResaleNew/Resale,2727 
seller,OWNER,Residential Plot, 18.18 L,2727 ,Chevella,ResaleNew/Resale,2727 
seller,OWNER,Residential Plot, 18.18 L,2727 ,Chevella,ResaleNew/Resale,2727 
seller,OWNER,Residential Plot, 18.18 L,2727 ,Chevella,ResaleNew/Resale,2727 
seller,OWNER,Residential Plot, 18.18 L,2727 ,Chevella,ResaleNew/Resale,2727 
seller,OWNER,Residential Plot, 18.18 L,2727 ,Chevella,ResaleNew/Resale,2727 
seller,OWNER,Residential Plot, 18.18 L,2727 ,Chevella,ResaleNew/Resale,2727 
seller,OWNER,Residential Plot, 18.18 L,2727 ,Chevella,ResaleNew/Resale,2727 
seller,OWNER,3 , 43.05 L,1230 ,Miyapur,Under ConstructionConstruction Status,1230 
seller,OWNER,2 , 38.5 L,1150 ,Aminpur,Under ConstructionConstruction Status,1150 
seller,OWNER,3 , 56.65 L,1590 ,Chandanagar,Under ConstructionConstruction Status,1590 
seller,OWNER,2 , 56.17 L,1605 ,Miyapur,Under ConstructionConstruction Status,1605 
seller,OWNER,3 , 55.82 L,1595 ,Chandanagar Vill,Under ConstructionConstruction Status,1595 
seller,OWNER,2 , 46.9 L,1340 ,Chandanagar Vill,Under ConstructionConstruction Status,1340 
seller,OWNER,2 , 35.87 L,1025 ,Miyapur,Under ConstructionConstruction Status,1025 
seller,OWNER,2 , 37.1 L,1060 ,Miyapur,Under ConstructionConstruction Status,1060 
seller,OWNER,2 , 43.05 L,1230 ,Miyapur,Under ConstructionConstruction Status,1230 
seller,OWNER,2 , 38.5 L,1100 ,Miyapur,Under ConstructionConstruction Status,1100 
seller,OWNER,3 , 53.55 L,1530 ,Miyapur,Under ConstructionConstruction Status,1530 
seller,OWNER,3 , 85 L,1450 ,Madhapur,Ready to moveConstruction Status,1450 
seller,OWNER,3 , 85 L,1450 ,Madhapur,Ready to moveConstruction Status,1450 
seller,OWNER,3 , 85 L,1450 ,Madhapur,Ready to moveConstruction Status,1450 
seller,OWNER,3 , 85 L,1450 ,Madhapur,Ready to moveConstruction Status,1450 
seller,OWNER,3 , 85 L,1450 ,Madhapur,Ready to moveConstruction Status,1450 
seller,OWNER,3 , 85 L,1450 ,Madhapur,Ready to moveConstruction Status,1450 
seller,OWNER,3 , 85 L,1450 ,Madhapur,Ready to moveConstruction Status,1450 
seller,OWNER,3 , 85 L,1450 ,Madhapur,Ready to moveConstruction Status,1450 
seller,OWNER,3 , 85 L,1450 ,Madhapur,Ready to moveConstruction Status,1450 
seller,OWNER,3 , 85 L,1450 ,Madhapur,Ready to moveConstruction Status,1450 
seller,OWNER,6 , 1.43 Cr,2600 ,Mokila,Under ConstructionConstruction Status,2600 
seller,OWNER,Residential Plot, 27 L,1450 ,Kothur,ResaleNew/Resale,1450 
Kosher Proctor I Pvt Ltd,AGENT,2 , 31.94 L,819 ,Nizampet,Under ConstructionConstruction Status,819 
seller,OWNER,Residential Plot, 98 L,3600 ,Kundanpally,ResaleNew/Resale,3600 
seller,OWNER,Residential Plot, 98 L,3600 ,Kundanpally,ResaleNew/Resale,3600 
seller,OWNER,Residential Plot, 98 L,3600 ,Kundanpally,ResaleNew/Resale,3600 
seller,OWNER,Residential Plot, 98 L,3600 ,Kundanpally,ResaleNew/Resale,3600 
seller,OWNER,Residential Plot, 98 L,3600 ,Kundanpally,ResaleNew/Resale,3600 
seller,OWNER,Residential Plot, 98 L,3600 ,Kundanpally,ResaleNew/Resale,3600 
seller,OWNER,2 , 72 L,1550 ,Godumakunta,Ready to moveConstruction Status,1550 
seller,OWNER,2 , 80 L,1126 ,Kukatpally,Ready to moveConstruction Status,1126 
seller,OWNER,2 , 40.84 L,1021 ,Chandanagar,Under ConstructionConstruction Status,1021 
seller,OWNER,2 , 55 L,1015 ,Ramachandra Puram,Ready to moveConstruction Status,1015 
seller,OWNER,3 , 66 L,1450 ,Nagaram Hyderabad South,Ready to moveConstruction Status,1450 
seller,OWNER,5 , 2.5 Cr,2800 ,Habsiguda,Ready to moveConstruction Status,2800 
seller,OWNER,Residential Plot, 1.13 Cr,2700 ,Almasguda,ResaleNew/Resale,2700 
seller,OWNER,Residential Plot, 1.13 Cr,2700 ,Almasguda,ResaleNew/Resale,2700 
seller,OWNER,Residential Plot, 1.13 Cr,2700 ,Almasguda,ResaleNew/Resale,2700 
seller,OWNER,Residential Plot, 1.13 Cr,2700 ,Almasguda,ResaleNew/Resale,2700 
seller,OWNER,Residential Plot, 1.13 Cr,2700 ,Almasguda,ResaleNew/Resale,2700 
seller,OWNER,Residential Plot, 1.13 Cr,2700 ,Almasguda,ResaleNew/Resale,2700 
seller,OWNER,Residential Plot, 1.13 Cr,2700 ,Almasguda,ResaleNew/Resale,2700 
seller,OWNER,Residential Plot, 1.13 Cr,2700 ,Almasguda,ResaleNew/Resale,2700 
seller,OWNER,Residential Plot, 1.13 Cr,2700 ,Almasguda,ResaleNew/Resale,2700 
seller,OWNER,Residential Plot, 1.13 Cr,2700 ,Almasguda,ResaleNew/Resale,2700 
seller,OWNER,Residential Plot, 1.13 Cr,2700 ,Almasguda,ResaleNew/Resale,2700 
seller,OWNER,Residential Plot, 1.13 Cr,2700 ,Almasguda,ResaleNew/Resale,2700 
seller,OWNER,Residential Plot, 80 L,2925 ,Shamirpet,ResaleNew/Resale,2925 
seller,OWNER,Residential Plot, 20 L,2160 ,Kothur,ResaleNew/Resale,2160 
seller,OWNER,Residential Plot, 45 L,3285 ,Gollur,ResaleNew/Resale,3285 
seller,OWNER,Residential Plot, 45 L,3285 ,Gollur,ResaleNew/Resale,3285 
seller,OWNER,Residential Plot, 35 L,3285 ,Gollur,ResaleNew/Resale,3285 
seller,OWNER,Residential Plot, 45 L,3285 ,Gollur,ResaleNew/Resale,3285 
seller,OWNER,Residential Plot, 45 L,3285 ,Gollur,ResaleNew/Resale,3285 
seller,OWNER,Residential Plot, 45 L,3285 ,Gollur,ResaleNew/Resale,3285 
seller,OWNER,3 , 86 L,1515 ,Kondapur,Ready to moveConstruction Status,1515 
seller,OWNER,3 , 92.5 L,1700 ,Kompally,Ready to moveConstruction Status,1700 
seller,OWNER,2 , 47.5 L,1125 ,Yapral,Under ConstructionConstruction Status,1125 
seller,OWNER,3 , 77.98 L,1654 ,Hayathnagar,Under ConstructionConstruction Status,1654 
Pranay Bandam,AGENT,3 , 48.45 L,1615 ,Balanagar,Under ConstructionConstruction Status,1615 
Propladder Hyderabad Branch,AGENT,3 , 1.14 Cr,2120 ,Kokapet,Under ConstructionConstruction Status,2120 
Shivasai Builders,AGENT,3 , 42 L,1200 ,Madhapur,Under ConstructionConstruction Status,1200 
Shivasai Builders,AGENT,1 , 12.5 L,629 ,Tukkuguda,Under ConstructionConstruction Status,629 
Ajay R Homes,AGENT,3 , 29 L,1300 ,Shamirpet,Under ConstructionConstruction Status,1300 
Ajay R Homes,AGENT,2 , 21 L,980 ,Shamirpet,Under ConstructionConstruction Status,980 
RK Properties,AGENT,4 , 2.8 Cr,3431 ,Narsingi,Ready to moveConstruction Status,3431 
RK Properties,AGENT,3 , 67.2 L,1600 ,Manchirevula,Under ConstructionConstruction Status,1600 
RK Properties,AGENT,3 , 71.4 L,1700 ,Manchirevula,Under ConstructionConstruction Status,1700 
RK Properties,AGENT,3 , 84 L,2000 ,Manchirevula,Under ConstructionConstruction Status,2000 
RK Properties,AGENT,3 , 92.4 L,2200 ,Hitech City,Under ConstructionConstruction Status,2200 
RK Properties,AGENT,3 , 1.26 Cr,3013 ,Kokapet,Under ConstructionConstruction Status,3013 
RK Properties,AGENT,2 , 68.92 L,1641 ,Nanakramguda,Under ConstructionConstruction Status,1641 
RK Properties,AGENT,3 , 81 L,1800 ,Hitech City,Under ConstructionConstruction Status,1800 
RK Properties,AGENT,3 , 92.44 L,2201 ,Nanakramguda,Under ConstructionConstruction Status,2201 
RK Properties,AGENT,3 , 1.09 Cr,2603 ,Kokapet,Under ConstructionConstruction Status,2603 
RK Properties,AGENT,3 , 1.09 Cr,2608 ,Kokapet,Under ConstructionConstruction Status,2608 
RK Properties,AGENT,3 , 1.17 Cr,2803 ,Kokapet,Under ConstructionConstruction Status,2803 
RK Properties,AGENT,3 , 1.17 Cr,2804 ,Kokapet,Under ConstructionConstruction Status,2804 
RK Properties,AGENT,3 , 1.26 Cr,3015 ,Kokapet,Under ConstructionConstruction Status,3015 
RK Properties,AGENT,3 , 67.2 L,1600 ,Kokapet,Under ConstructionConstruction Status,1600 
RK Properties,AGENT,3 , 1.08 Cr,2400 ,Hitech City,Under ConstructionConstruction Status,2400 
RK Properties,AGENT,3 , 1.68 Cr,4000 ,Kokapet,Under ConstructionConstruction Status,4000 
RK Properties,AGENT,2 , 54.6 L,1300 ,Hitech City,Under ConstructionConstruction Status,1300 
RK Properties,AGENT,3 , 67.2 L,1600 ,Nanakramguda,Under ConstructionConstruction Status,1600 
RK Properties,AGENT,2 , 57.12 L,1360 ,Nanakramguda,Under ConstructionConstruction Status,1360 
RK Properties,AGENT,2 , 57.12 L,1360 ,Hitech City,Under ConstructionConstruction Status,1360 
RK Properties,AGENT,3 , 1.17 Cr,2800 ,Hitech City,Under ConstructionConstruction Status,2800 
RK Properties,AGENT,3 , 84 L,2000 ,Hitech City,Under ConstructionConstruction Status,2000 
RK Properties,AGENT,3 , 78.12 L,1860 ,Nanakramguda,Under ConstructionConstruction Status,1860 
RK Properties,AGENT,3 , 1.14 Cr,2076 ,Bachupally,Under ConstructionConstruction Status,2076 
RK Properties,AGENT,3 , 84 L,2000 ,Kokapet,Under ConstructionConstruction Status,2000 
RK Properties,AGENT,3 , 1.56 Cr,2601 ,Nanakramguda,Under ConstructionConstruction Status,2601 
RK Properties,AGENT,3 , 1.43 Cr,2400 ,Nanakramguda,Under ConstructionConstruction Status,2400 
RK Properties,AGENT,3 , 1.32 Cr,2201 ,Nanakramguda,Under ConstructionConstruction Status,2201 
RK Properties,AGENT,3 , 2.4 Cr,4001 ,Nanakramguda,Under ConstructionConstruction Status,4001 
RK Properties,AGENT,3 , 1.79 Cr,3000 ,Nanakramguda,Under ConstructionConstruction Status,3000 
RK Properties,AGENT,3 , 2.39 Cr,4000 ,Nanakramguda,Under ConstructionConstruction Status,4000 
RK Properties,AGENT,3 , 95.98 L,1600 ,Narsingi,Under ConstructionConstruction Status,1600 
RK Properties,AGENT,3 , 1.07 Cr,1800 ,Manchirevula,Under ConstructionConstruction Status,1800 
RK Properties,AGENT,3 , 1.19 Cr,2000 ,Nanakramguda,Under ConstructionConstruction Status,2000 
RK Properties,AGENT,3 , 1.43 Cr,2400 ,Nanakramguda,Under ConstructionConstruction Status,2400 
RK Properties,AGENT,3 , 1.43 Cr,2400 ,Manchirevula,Under ConstructionConstruction Status,2400 
RK Properties,AGENT,2 , 77.98 L,1300 ,Manchirevula,Under ConstructionConstruction Status,1300 
RK Properties,AGENT,4 , 2.39 Cr,4000 ,Nanakramguda,Under ConstructionConstruction Status,4000 
RK Properties,AGENT,2 , 77.98 L,1300 ,Nanakramguda,Under ConstructionConstruction Status,1300 
RK Properties,AGENT,3 , 1.07 Cr,1800 ,Nanakramguda,Under ConstructionConstruction Status,1800 
